step,train_loss,train_accuracy,validation_loss,validation_accuracy,validation_count,elapsed_seconds
1000,1.1600181659806985,0.521078125,0.003265299997292459,1.0,5120,10.088332499995886
2000,0.00144840012997156,1.0,0.0007150475750677288,1.0,5120,20.247852624997904
3000,0.0004827358926704619,1.0,0.000323890772415325,1.0,5120,30.604570915995282
4000,0.00023959825064230245,1.0,0.00017427913480787537,1.0,5120,40.96896549999656
5000,0.00013337546144612133,1.0,0.00010056029677798505,1.0,5120,52.02844083299715
6000,7.810235951183131e-05,1.0,5.944083131907974e-05,1.0,5120,65.09560091599997
7000,4.6357968232769057e-05,1.0,3.549589182512136e-05,1.0,5120,76.51228633299615
8000,2.7700532733433646e-05,1.0,2.1212479805399197e-05,1.0,5120,85.4953529580016
9000,1.6567746212786006e-05,1.0,1.2654799093070324e-05,1.0,5120,94.5487339159954
10000,9.864677246241627e-06,1.0,7.5529967716647665e-06,1.0,5120,103.53987524999684
11000,5.882362496322457e-06,1.0,4.501211651586345e-06,1.0,5120,112.58543120799732
12000,3.50656009618433e-06,1.0,2.6819026402336023e-06,1.0,5120,121.37719454099715
