condition,changed_restricted_predictions,changed_unrestricted_predictions,maximum_raw_candidate_probability_difference,restricted_accuracy_original,restricted_accuracy_repeat,restricted_accuracy_change,unrestricted_accuracy_original,unrestricted_accuracy_repeat,unrestricted_accuracy_change,raw_target_probability_original,raw_target_probability_repeat,raw_target_probability_change,conditional_target_probability_original,conditional_target_probability_repeat,conditional_target_probability_change,candidate_probability_mass_original,candidate_probability_mass_repeat,candidate_probability_mass_change
native,0,0,4.6589303987376596e-05,0.931640625,0.931640625,0.0,0.869140625,0.869140625,0.0,0.20297980357289921,0.20297897353773636,-8.300351628520719e-07,0.3576498202198223,0.3576487357037046,-1.084516117688672e-06,0.5539460079121231,0.5539457595293036,-2.4838281953432073e-07
grouped_physical,0,0,2.0884453936165226e-05,0.09765625,0.09765625,0.0,0.0,0.0,0.0,0.005205067076999724,0.005205074725047099,7.64804737509589e-09,0.07104398627417388,0.07104401030757435,2.403340046419622e-08,0.12278832364546506,0.12278828521190907,-3.843355599053577e-08
grouped_canonical,0,1,2.0440949351607784e-05,0.103515625,0.103515625,0.0,0.0,0.0,0.0,0.005116045163095505,0.005116041276428236,-3.88666726840875e-09,0.07424955695182814,0.07424956450988374,7.558055598044788e-09,0.10742302975057223,0.10742304383331669,1.4082744456689333e-08
grouped_noop,0,1,2.0440949351607784e-05,0.103515625,0.103515625,0.0,0.0,0.0,0.0,0.005116045163095505,0.005116041276428236,-3.88666726840875e-09,0.07424955695182814,0.07424956450988374,7.558055598044788e-09,0.10742302975057223,0.10742304383331669,1.4082744456689333e-08
guard_block0,0,0,1.9465676568020118e-05,0.095703125,0.095703125,0.0,0.0,0.0,0.0,0.004958958679174223,0.004958956870820638,-1.8083535849311438e-09,0.07010784575740472,0.07010798423331768,1.3847591295856887e-07,0.11513965758234948,0.11513958671202454,-7.087032494190737e-08
sham_0,1,0,1.8080086668148532e-05,0.095703125,0.09375,-0.001953125,0.0,0.0,0.0,0.004882655335881873,0.004882647785239738,-7.550642134972196e-09,0.07007346337648812,0.07007364071075176,1.773342636346431e-07,0.11358274516608072,0.11358258927514567,-1.558909350496407e-07
sham_1,0,0,2.106465113654865e-05,0.09375,0.09375,0.0,0.0,0.0,0.0,0.0048815377610900434,0.0048815311020114,-6.6590786435352656e-09,0.07007385177104494,0.07007387661037603,2.4839331091985883e-08,0.11354838180697974,0.11354845915012188,7.734314214080662e-08
sham_2,0,0,1.590195769501923e-05,0.09765625,0.09765625,0.0,0.0,0.0,0.0,0.0048513816799492454,0.004851363071008207,-1.860894103828531e-08,0.07015282560680122,0.07015289032030352,6.471350229297901e-08,0.11294972824391317,0.11294970989492553,-1.8348987634864145e-08
sham_3,0,0,2.1350396341490718e-05,0.09765625,0.09765625,0.0,0.0,0.0,0.0,0.004850293042469832,0.0048502690129368555,-2.4029532976269086e-08,0.07015338488147072,0.07015322925612877,-1.5562534194657474e-07,0.11291403960734245,0.1129139838292913,-5.577805115009049e-08
sham_4,0,0,2.9434099987013518e-05,0.09765625,0.09765625,0.0,0.0,0.0,0.0,0.004928939085803909,0.004928924397427531,-1.4688376378038659e-08,0.07019430772392198,0.07019421086701128,-9.685691070016045e-08,0.11449448159939449,0.1144944211207166,-6.047867788516736e-08
sham_5,0,0,1.691181244972695e-05,0.099609375,0.099609375,0.0,0.0,0.0,0.0,0.004820489098484719,0.004820466721636109,-2.237684861017275e-08,0.06997831189211007,0.06997834593026275,3.403815268532284e-08,0.11338938269661056,0.11338929634608197,-8.635052858863013e-08
sham_6,1,0,2.052652137873867e-05,0.099609375,0.099609375,0.0,0.0,0.0,0.0,0.004819156950792356,0.004819146654740812,-1.029605154433122e-08,0.06997763808017415,0.06997757382465167,-6.425552248612298e-08,0.11335248559336317,0.11335229560180823,-1.8999155493304443e-07
sham_7,0,0,1.9192289788416694e-05,0.09765625,0.09765625,0.0,0.0,0.0,0.0,0.004901033902622004,0.004901032725211479,-1.1774105249801048e-09,0.07002030630488534,0.0700202417175998,-6.458728554759041e-08,0.11499125258902285,0.11499123480503762,-1.7783985228891908e-08
guard_block5,0,0,1.4767598235931878e-05,0.10546875,0.10546875,0.0,0.0,0.0,0.0,0.005148846897703337,0.00514883787098179,-9.026721547317207e-09,0.07462989453938829,0.07462969213782925,-2.0240155904072132e-07,0.11024075898835517,0.11024067200276359,-8.698559157693797e-08
guard_all,0,0,9.15437906820471e-06,0.3125,0.3125,0.0,0.0390625,0.0390625,0.0,0.017729491129179556,0.01772943472350514,-5.6405674415949125e-08,0.1259803063674949,0.12598046922329048,1.6285579557129282e-07,0.10397077116999844,0.10397062390563394,-1.4726436449452596e-07
