seed,condition,endpoint,mean,wilson_low,wilson_high,minimum,pass
0,value_1032,slot_accuracy,0.5439453125,0.5223121368173184,0.5654139393013774,0.9,False
0,value_1230,slot_accuracy,0.54296875,0.5213337230762649,0.5644428846842375,0.9,False
0,value_1302,slot_accuracy,0.54150390625,0.5198662586275049,0.5629861465957078,0.9,False
0,value_2031,slot_accuracy,0.55078125,0.5291633689415393,0.5722089856845093,0.9,False
0,value_2301,slot_accuracy,0.55322265625,0.5316112302006145,0.5746347953209171,0.9,False
0,value_2310,slot_accuracy,0.54931640625,0.5276949032269513,0.5707532488618072,0.9,False
0,value_3012,slot_accuracy,0.53466796875,0.5130205652200573,0.5561855614958026,0.9,False
0,value_3201,slot_accuracy,0.54833984375,0.5267160305804346,0.5697826531501307,0.9,False
0,value_3210,slot_accuracy,0.5419921875,0.520355392629016,0.5634717467732934,0.9,False
0,coherent_1032,original_accuracy,0.51416015625,0.4925078401994158,0.5357594509943863,0.95,False
0,coherent_1230,original_accuracy,0.517578125,0.4959240972563934,0.539166333191085,0.95,False
0,coherent_1302,original_accuracy,0.537109375,0.515464988375776,0.5586148092355672,0.95,False
0,coherent_2031,original_accuracy,0.5009765625,0.47934030862308824,0.522609159735105,0.95,False
0,coherent_2301,original_accuracy,0.49951171875,0.4778781764639951,0.5211470893569082,0.95,False
0,coherent_2310,original_accuracy,0.4951171875,0.4734928920661387,0.5167597661428951,0.95,False
0,coherent_3012,original_accuracy,0.52783203125,0.5061789375825407,0.5493809106259666,0.95,False
0,coherent_3201,original_accuracy,0.53369140625,0.5120429411871267,0.5552137171705401,0.95,False
0,coherent_3210,original_accuracy,0.53173828125,0.5100879419019431,0.5532697797393371,0.95,False
1,value_1032,slot_accuracy,0.57470703125,0.5531750937571558,0.595959235644627,0.9,False
1,value_1230,slot_accuracy,0.5830078125,0.561517591312744,0.6041872191336813,0.9,False
1,value_1302,slot_accuracy,0.58447265625,0.5629904395144781,0.605638573469237,0.9,False
1,value_2031,slot_accuracy,0.578125,0.5566094914944867,0.5993479771609725,0.9,False
1,value_2301,slot_accuracy,0.583984375,0.5624994686223409,0.6051548101822778,0.9,False
1,value_2310,slot_accuracy,0.57763671875,0.5561187992154945,0.5988639352608681,0.9,False
1,value_3012,slot_accuracy,0.57666015625,0.5551374787275727,0.5978957873905966,0.9,False
1,value_3201,slot_accuracy,0.58740234375,0.5659367168813265,0.6085407011769683,0.9,False
1,value_3210,slot_accuracy,0.5859375,0.5644634812712644,0.6070897342497407,0.9,False
1,coherent_1032,original_accuracy,0.57421875,0.5526845507925745,0.5954750444301117,0.95,False
1,coherent_1230,original_accuracy,0.57861328125,0.55710020514344,0.5998319976911156,0.95,False
1,coherent_1302,original_accuracy,0.56396484375,0.5423880530212908,0.5853021244403664,0.95,False
1,coherent_2031,original_accuracy,0.58935546875,0.5679013331041428,0.6104750216705387,0.95,False
1,coherent_2301,original_accuracy,0.58251953125,0.5610266848737014,0.6037033913936273,0.95,False
1,coherent_2310,original_accuracy,0.5693359375,0.5477802906834186,0.5906319627483014,0.95,False
1,coherent_3012,original_accuracy,0.576171875,0.5546468504989079,0.5974116814401647,0.95,False
1,coherent_3201,original_accuracy,0.56689453125,0.5453289562325674,0.5882096263036696,0.95,False
1,coherent_3210,original_accuracy,0.591796875,0.5703575899023692,0.6128924357677954,0.95,False
2,value_1032,slot_accuracy,0.27294921875,0.2540943900981711,0.29265421662190066,0.9,False
2,value_1230,slot_accuracy,0.27490234375,0.25600110873221266,0.2946464347042455,0.9,False
2,value_1302,slot_accuracy,0.27490234375,0.25600110873221266,0.2946464347042455,0.9,False
2,value_2031,slot_accuracy,0.28125,0.26220112274416385,0.30111796502055044,0.9,False
2,value_2301,slot_accuracy,0.28466796875,0.2655415795394129,0.3046006474789777,0.9,False
2,value_2310,slot_accuracy,0.2919921875,0.2727043020199804,0.3120589376848595,0.9,False
2,value_3012,slot_accuracy,0.28662109375,0.2674510288711387,0.3065901348636384,0.9,False
2,value_3201,slot_accuracy,0.28857421875,0.2693609234001931,0.30857917705097043,0.9,False
2,value_3210,slot_accuracy,0.283203125,0.2641097863491545,0.3031082381319462,0.9,False
2,coherent_1032,original_accuracy,0.3046875,0.28513420144989904,0.324972126911453,0.95,False
2,coherent_1230,original_accuracy,0.31103515625,0.29135588087929126,0.3314219918103168,0.95,False
2,coherent_1302,original_accuracy,0.3349609375,0.3148456532293741,0.3556941942359684,0.95,False
2,coherent_2031,original_accuracy,0.28955078125,0.2703160367710639,0.3095735320382929,0.95,False
2,coherent_2301,original_accuracy,0.306640625,0.28704809297358513,0.3269571721041533,0.95,False
2,coherent_2310,original_accuracy,0.2978515625,0.2784389209455755,0.3180211289084239,0.95,False
2,coherent_3012,original_accuracy,0.33984375,0.31964681276273627,0.36064037649357233,0.95,False
2,coherent_3201,original_accuracy,0.33935546875,0.31916658741245124,0.3601458676647608,0.95,False
2,coherent_3210,original_accuracy,0.33056640625,0.31052670162985413,0.3512405382236187,0.95,False
3,value_1032,slot_accuracy,0.3837890625,0.36296349954174306,0.4050497658332613,0.9,False
3,value_1230,slot_accuracy,0.38427734375,0.36344583880853504,0.405542160745566,0.9,False
3,value_1302,slot_accuracy,0.3857421875,0.36489299072278514,0.40701921136860575,0.9,False
3,value_2031,slot_accuracy,0.392578125,0.3716490151212229,0.41390946547752067,0.9,False
3,value_2301,slot_accuracy,0.388671875,0.3677878966459052,0.4099727105200654,0.9,False
3,value_2310,slot_accuracy,0.384765625,0.3639282004382562,0.4060345332949415,0.9,False
3,value_3012,slot_accuracy,0.38232421875,0.36151661607971,0.4035724467580045,0.9,False
3,value_3201,slot_accuracy,0.3857421875,0.36489299072278514,0.40701921136860575,0.9,False
3,value_3210,slot_accuracy,0.38232421875,0.36151661607971,0.4035724467580045,0.9,False
3,coherent_1032,original_accuracy,0.3798828125,0.3591055924151558,0.4011097995270756,0.95,False
3,coherent_1230,original_accuracy,0.39453125,0.37358010531368613,0.41587731200144396,0.95,False
3,coherent_1302,original_accuracy,0.38232421875,0.36151661607971,0.4035724467580045,0.95,False
3,coherent_2031,original_accuracy,0.40966796875,0.3885579477509096,0.43111622911621567,0.95,False
3,coherent_2301,original_accuracy,0.3935546875,0.37261451606854507,0.4148934328883917,0.95,False
3,coherent_2310,original_accuracy,0.41015625,0.3890414522247898,0.43160745882143203,0.95,False
3,coherent_3012,original_accuracy,0.388671875,0.3677878966459052,0.4099727105200654,0.95,False
3,coherent_3201,original_accuracy,0.40087890625,0.37985857988189337,0.42227038176149273,0.95,False
3,coherent_3210,original_accuracy,0.41552734375,0.39436142653076295,0.4370095604855217,0.95,False
4,value_1032,slot_accuracy,0.3310546875,0.3110064866289191,0.3517354874036504,0.9,False
4,value_1230,slot_accuracy,0.33837890625,0.3182062094632939,0.3591567772557248,0.9,False
4,value_1302,slot_accuracy,0.33642578125,0.3162857452875895,0.3571783047150428,0.9,False
4,value_2031,slot_accuracy,0.32763671875,0.30764851171472796,0.34827032306416517,0.9,False
4,value_2301,slot_accuracy,0.333984375,0.3138857141908597,0.35470466491628955,0.9,False
4,value_2310,slot_accuracy,0.34130859375,0.3210876340128029,0.3621237577807956,0.9,False
4,value_3012,slot_accuracy,0.33251953125,0.3124459896662049,0.3532201869036545,0.9,False
4,value_3201,slot_accuracy,0.3291015625,0.3090874950591552,0.34975554225702776,0.9,False
4,value_3210,slot_accuracy,0.33056640625,0.31052670162985413,0.3512405382236187,0.9,False
4,coherent_1032,original_accuracy,0.33349609375,0.31340578145140163,0.35420986347665095,0.95,False
4,coherent_1230,original_accuracy,0.330078125,0.31004694135002886,0.35074556432434734,0.95,False
4,coherent_1302,original_accuracy,0.3408203125,0.32060733608806213,0.3616293215264398,0.95,False
4,coherent_2031,original_accuracy,0.302734375,0.2832207321031909,0.32298665954177463,0.95,False
4,coherent_2301,original_accuracy,0.32470703125,0.3047712177680436,0.3452992119362698,0.95,False
4,coherent_2310,original_accuracy,0.310546875,0.2908771335777566,0.3309260049327549,0.95,False
4,coherent_3012,original_accuracy,0.34326171875,0.32300906687771236,0.36410126163227263,0.95,False
4,coherent_3201,original_accuracy,0.35498046875,0.33454568927405826,0.37595825953424555,0.95,False
4,coherent_3210,original_accuracy,0.32666015625,0.30668931387610016,0.34728005254459976,0.95,False
5,value_1032,slot_accuracy,0.58935546875,0.5679013331041428,0.6104750216705387,0.9,False
5,value_1230,slot_accuracy,0.58349609375,0.5620085192253721,0.6046710254001499,0.9,False
5,value_1302,slot_accuracy,0.58642578125,0.5649545382538019,0.6075734114462998,0.9,False
5,value_2031,slot_accuracy,0.58837890625,0.5669189818009123,0.6095079046155759,0.9,False
5,value_2301,slot_accuracy,0.58447265625,0.5629904395144781,0.605638573469237,0.9,False
5,value_2310,slot_accuracy,0.58056640625,0.5590632736407886,0.6017678659101537,0.9,False
5,value_3012,slot_accuracy,0.587890625,0.5664278385489154,0.6090243136884761,0.9,False
5,value_3201,slot_accuracy,0.58837890625,0.5669189818009123,0.6095079046155759,0.9,False
5,value_3210,slot_accuracy,0.5830078125,0.561517591312744,0.6041872191336813,0.9,False
5,coherent_1032,original_accuracy,0.56689453125,0.5453289562325674,0.5882096263036696,0.95,False
5,coherent_1230,original_accuracy,0.55517578125,0.5335698962336713,0.5765750660042467,0.95,False
5,coherent_1302,original_accuracy,0.57470703125,0.5531750937571558,0.595959235644627,0.95,False
5,coherent_2031,original_accuracy,0.58251953125,0.5610266848737014,0.6037033913936273,0.95,False
5,coherent_2301,original_accuracy,0.60986328125,0.5885508401157948,0.6307643501809446,0.95,False
5,coherent_2310,original_accuracy,0.59814453125,0.5767463977986022,0.6191751721998183,0.95,False
5,coherent_3012,original_accuracy,0.60107421875,0.5796963216358377,0.6220736534371625,0.95,False
5,coherent_3201,original_accuracy,0.60546875,0.584122687998556,0.6264198946863139,0.95,False
5,coherent_3210,original_accuracy,0.61279296875,0.5915039388469941,0.633659656524325,0.95,False
