seed,layout,shams,correct_probability,mean_sham_probability,best_sham,best_sham_probability,correct_minus_mean_shams
6,layout_01234657,2,0.999363362789154,0.9899217444428927,sham_0_01_023_0123,0.9901234421000091,0.00944163691450517
6,layout_01236457,2,0.9993633031845093,0.9900087270811737,sham_0_01_023_0123,0.9902141820287444,0.00935452796559999
6,layout_01243567,1,0.9993628263473511,0.8429791046275726,sham_0_12_012_0123,0.8429791046275726,0.1563836983785064
6,layout_01243657,5,0.9993624687194824,0.864347576307493,sham_0_01_023_0123,0.990299196340068,0.13501486511259642
6,layout_01246357,8,0.9993618726730347,0.8992281478322709,sham_0_01_023_0123,0.9899580144423044,0.10013367868208868
6,layout_01263457,5,0.999362587928772,0.969850699387701,sham_0_01_023_0123,0.990028713840708,0.029511892790230296
6,layout_01264357,8,0.9993622303009033,0.8993493270968975,sham_0_01_023_0123,0.9901227155187402,0.10001285332004038
6,layout_01423567,1,0.9993627071380615,0.8436678856232943,sham_0_12_012_0123,0.8436678856232943,0.15569482919817845
6,layout_01423657,5,0.9993623495101929,0.8649935006951125,sham_0_01_023_0123,0.9905213981185947,0.1343688344959958
6,layout_01426357,8,0.9993616938591003,0.9007821804297559,sham_0_01_023_0123,0.9904091994340196,0.09857948013456243
6,layout_01462357,8,0.999361515045166,0.9011711864223904,sham_0_01_023_0123,0.9900528816463541,0.09819031540963669
6,layout_01623457,5,0.9993624091148376,0.9700874071015604,sham_0_01_023_0123,0.9897665668698599,0.029274983619656414
6,layout_01624357,8,0.9993619918823242,0.9000856464815745,sham_0_01_023_0123,0.9898415162252112,0.09927637840449338
6,layout_01642357,8,0.9993622899055481,0.9011916854010238,sham_0_01_023_0123,0.9901549743419205,0.09817058127966766
6,layout_02134657,2,0.9993630647659302,0.9898519688620393,sham_0_01_023_0123,0.9900539992348927,0.009511073726772068
6,layout_02136457,2,0.9993628859519958,0.989929703948401,sham_0_01_023_0123,0.9901386223019197,0.00943321157308663
6,layout_02143567,1,0.9993624687194824,0.8428220482383986,sham_0_12_012_0123,0.8428220482383986,0.15654041314691858
6,layout_02143657,5,0.9993621110916138,0.8643403743117289,sham_0_01_023_0123,0.9902514033076186,0.13502172374136878
6,layout_02146357,8,0.999361515045166,0.8990081065498954,sham_0_01_023_0123,0.9899156386229961,0.10035338160333125
6,layout_02163457,5,0.9993622303009033,0.9695819614533282,sham_0_01_023_0123,0.9899542837083048,0.029780296438006372
6,layout_02164357,8,0.9993618130683899,0.8991675052255915,sham_0_01_023_0123,0.990055146669572,0.10019433677200582
6,layout_02413567,1,0.999362587928772,0.8432870184623237,sham_0_12_012_0123,0.8432870184623237,0.15607559338979693
6,layout_02413657,5,0.9993622899055481,0.8646154496742786,sham_0_01_023_0123,0.9900584210542132,0.13474686834556976
6,layout_02416357,8,0.9993621110916138,0.8991451267155302,sham_0_01_023_0123,0.9897996959398849,0.10021694386355166
6,layout_02461357,8,0.9993619918823242,0.8994208702723624,sham_0_01_023_0123,0.9903034874040553,0.09994104582358733
6,layout_02613457,5,0.9993623495101929,0.9693292144802114,sham_0_01_023_0123,0.9902109353924695,0.03003309655471762
6,layout_02614357,8,0.9993621110916138,0.8991387988337323,sham_0_01_023_0123,0.990279780816198,0.10022327628554699
6,layout_02641357,8,0.9993612766265869,0.8997801963731269,sham_0_01_023_0123,0.9901962305101377,0.09958108875177847
6,layout_04123567,1,0.9993621110916138,0.8447057118544902,sham_0_12_012_0123,0.8447057118544902,0.15465637653613584
6,layout_04123657,5,0.9993618130683899,0.86573024317731,sham_0_01_023_0123,0.9905747124309578,0.13363155458246517
6,layout_04126357,8,0.9993615746498108,0.9012653356328917,sham_0_01_023_0123,0.9903538282661701,0.09809623366181425
6,layout_04162357,8,0.9993613958358765,0.9016127287087041,sham_0_01_023_0123,0.9898826824731435,0.09774866957189406
6,layout_04213567,1,0.9993619918823242,0.8447416873126806,sham_0_12_012_0123,0.8447416873126806,0.1546202469440593
6,layout_04213657,5,0.9993616342544556,0.8657476932384306,sham_0_01_023_0123,0.9905953283783098,0.1336139507367043
6,layout_04216357,8,0.9993613958358765,0.9011680332308989,sham_0_01_023_0123,0.9903101176436442,0.09819338379256622
6,layout_04261357,8,0.9993612766265869,0.90171840741606,sham_0_01_023_0123,0.9905921440353063,0.09764284819756135
6,layout_04612357,8,0.9993608593940735,0.9022241189189453,sham_0_01_023_0123,0.9905694300373136,0.09713676323432363
6,layout_04621357,8,0.9993607401847839,0.9022192429948104,sham_0_01_023_0123,0.9905594440365548,0.09714152256851379
6,layout_06123457,5,0.999361515045166,0.9702045231785651,sham_0_01_023_0123,0.9901388197052445,0.029157017827217753
6,layout_06124357,8,0.9993613958358765,0.9002370761672498,sham_0_01_023_0123,0.990222482195747,0.09912427350995155
6,layout_06142357,8,0.9993616342544556,0.9015990776940339,sham_0_01_023_0123,0.9903804903549922,0.09776261901724179
6,layout_06213457,5,0.9993612170219421,0.9701941160403336,sham_0_01_023_0123,0.9901269266192414,0.029167110527664963
6,layout_06214357,8,0.9993610382080078,0.9002217481126698,sham_0_01_023_0123,0.9902129655328413,0.0991392760090841
6,layout_06241357,8,0.9993600845336914,0.9010525201233742,sham_0_01_023_0123,0.9901076066480301,0.09830757430561951
6,layout_06412357,8,0.9993599653244019,0.9021190137791533,sham_0_01_023_0123,0.9903013762252142,0.09724097558501249
6,layout_06421357,8,0.9993598461151123,0.9021065045327059,sham_0_01_023_0123,0.9902784653057513,0.0972533340736181
6,layout_20134657,2,0.9993613958358765,0.9897928697448146,sham_0_01_023_0123,0.9899979882025001,0.00956851357641475
6,layout_20136457,2,0.9993612766265869,0.9899149440062693,sham_0_01_023_0123,0.9901394824137948,0.009446321095200716
6,layout_20143567,1,0.9993607997894287,0.8345358568508332,sham_0_12_012_0123,0.8345358568508332,0.1648249326940472
6,layout_20143657,5,0.9993604421615601,0.8591783296431038,sham_0_01_023_0123,0.9902459847760756,0.1401821110050571
6,layout_20146357,8,0.9993598461151123,0.8933812853052976,sham_0_01_023_0123,0.9898664222269535,0.105978550798097
6,layout_20163457,5,0.9993606209754944,0.9662724911471592,sham_0_01_023_0123,0.989892692098683,0.03308809985138979
6,layout_20164357,8,0.999360203742981,0.8934219804196281,sham_0_01_023_0123,0.9900311669006263,0.10593820551180867
6,layout_20413567,1,0.9993612170219421,0.8346713583068701,sham_0_12_012_0123,0.8346713583068701,0.16468987390727152
6,layout_20413657,5,0.9993609189987183,0.859222114154049,sham_0_01_023_0123,0.9899894860386023,0.14013883726633636
6,layout_20416357,8,0.9993606805801392,0.8934080138504186,sham_0_01_023_0123,0.9897696036309331,0.10595269519326685
6,layout_20461357,8,0.9993605613708496,0.8938181672560491,sham_0_01_023_0123,0.990380957174918,0.1055424280498668
6,layout_20613457,5,0.9993607401847839,0.966519204878044,sham_0_01_023_0123,0.9902565444714999,0.03284153251277218
6,layout_20614357,8,0.9993605017662048,0.8936852207883549,sham_0_01_023_0123,0.9903362849499184,0.10567529698495672
6,layout_20641357,8,0.9993600845336914,0.8937510904153024,sham_0_01_023_0123,0.990234156091117,0.10560899173187488
6,layout_24013567,1,0.9993598461151123,0.8353312101086431,sham_0_12_012_0123,0.8353312101086431,0.16402866057010212
6,layout_24013657,5,0.9993596076965332,0.8593168930703905,sham_0_01_023_0123,0.9901080677731651,0.14004271712907218
6,layout_24016357,8,0.9993594288825989,0.8929066400001502,sham_0_01_023_0123,0.9897740072669312,0.10645279185103941
6,layout_24061357,8,0.9993593096733093,0.8932273540214166,sham_0_01_023_0123,0.9904025108098047,0.10613198429006189
6,layout_24601357,8,0.9993588924407959,0.8927944485551511,sham_0_01_023_0123,0.9897137029600711,0.10656445279141685
6,layout_26013457,5,0.9993598461151123,0.966470840121175,sham_0_01_023_0123,0.9902312988264628,0.03288902223387469
6,layout_26014357,8,0.9993597269058228,0.8937111944277347,sham_0_01_023_0123,0.9903179339330404,0.10564852677373726
6,layout_26041357,8,0.9993594288825989,0.8937414490080515,sham_0_01_023_0123,0.9902073133969189,0.10561800187704319
6,layout_26401357,8,0.9993585348129272,0.8934496909972889,sham_0_01_023_0123,0.990230101747013,0.10590882501456395
6,layout_40123567,1,0.9993628263473511,0.8445718189207685,sham_0_12_012_0123,0.8445718189207685,0.15479100841611282
6,layout_40123657,5,0.999362587928772,0.8635035834625231,sham_0_01_023_0123,0.986619076212139,0.13585900394237996
6,layout_40126357,8,0.9993623495101929,0.8984032716076553,sham_0_01_023_0123,0.9865559125771486,0.10095913110433956
6,layout_40162357,8,0.9993622303009033,0.8987805449712747,sham_0_01_023_0123,0.9864630607162259,0.10058165273333851
6,layout_40213567,1,0.9993627071380615,0.8449792067935222,sham_0_12_012_0123,0.8449792067935222,0.15438350471011386
6,layout_40213657,5,0.9993624687194824,0.8638291759334717,sham_0_01_023_0123,0.9867160616087673,0.1355332984321538
6,layout_40216357,8,0.9993622899055481,0.8988918448598979,sham_0_01_023_0123,0.9866502709507867,0.1004704437068739
6,layout_40261357,8,0.9993621706962585,0.8991464732306871,sham_0_01_023_0123,0.986275710942738,0.10021570089982348
6,layout_40612357,8,0.9993617534637451,0.8987339516666443,sham_0_01_023_0123,0.9861186383771874,0.10062784871247554
6,layout_40621357,8,0.9993616938591003,0.8987426769519816,sham_0_01_023_0123,0.9861279558380174,0.10061902517260651
6,layout_42013567,1,0.9993624687194824,0.8417382799371637,sham_0_12_012_0123,0.8417382799371637,0.1576242454765805
6,layout_42013657,5,0.9993622303009033,0.8618352834275271,sham_0_01_023_0123,0.9865646529849332,0.13752700409150687
6,layout_42016357,8,0.9993621110916138,0.8964326426073188,sham_0_01_023_0123,0.9864907691024078,0.10292946842608726
6,layout_42061357,8,0.9993619918823242,0.8960073134453731,sham_0_01_023_0123,0.9860725196987743,0.10335470375728364
6,layout_42601357,8,0.9993615746498108,0.8958951319673119,sham_0_01_023_0123,0.9856480776032619,0.10346646305518029
6,layout_46012357,8,0.9993617534637451,0.8988687299808711,sham_0_01_023_0123,0.9854704920788655,0.10049298430911832
6,layout_46021357,8,0.9993616342544556,0.8988870076020055,sham_0_01_023_0123,0.9854975282681493,0.10047461151845821
6,layout_46201357,8,0.9993610978126526,0.8968399929277999,sham_0_01_023_0123,0.9854737305723811,0.10252109603728826
6,layout_60123457,5,0.9993582367897034,0.9700879296800831,sham_0_01_023_0123,0.9901832526688006,0.029270292324874526
6,layout_60124357,8,0.9993581771850586,0.9000785039263983,sham_0_01_023_0123,0.9902713107431529,0.09927969194331938
6,layout_60142357,8,0.9993586540222168,0.9010878054985574,sham_0_01_023_0123,0.9903600213840802,0.09827079631138753
6,layout_60213457,5,0.9993578791618347,0.9700607024276133,sham_0_01_023_0123,0.9901648664288971,0.02929713214715317
6,layout_60214357,8,0.9993578195571899,0.9000584463137283,sham_0_01_023_0123,0.9902586330583225,0.09929935170662708
6,layout_60241357,8,0.9993571639060974,0.9005916502220178,sham_0_01_023_0123,0.9901388730668308,0.0987655475027306
6,layout_60412357,8,0.9993573427200317,0.9015939528817711,sham_0_01_023_0123,0.9903845068047512,0.09776341265566367
6,layout_60421357,8,0.9993572235107422,0.901575925140348,sham_0_01_023_0123,0.9903627999642168,0.09778128242149503
6,layout_62013457,5,0.9993563890457153,0.969387391584938,sham_0_01_023_0123,0.9901357041301315,0.029968973653844076
6,layout_62014357,8,0.9993563890457153,0.8985179634628173,sham_0_01_023_0123,0.9902345307221951,0.10083840195058763
6,layout_62041357,8,0.9993559718132019,0.8990247526436175,sham_0_01_023_0123,0.9901074819686322,0.10033120537436883
6,layout_62401357,8,0.9993557929992676,0.8974421315208337,sham_0_01_023_0123,0.9901323809195803,0.10191369244490946
6,layout_64012357,8,0.999358057975769,0.9009636659918722,sham_0_01_023_0123,0.9894939593711491,0.09839439896881617
6,layout_64021357,8,0.9993579387664795,0.9009610446590688,sham_0_01_023_0123,0.9894925680518094,0.09839688432852367
6,layout_64201357,8,0.9993572235107422,0.8989884514862369,sham_0_01_023_0123,0.9894705348627797,0.1003687567158905
7,layout_01234657,2,0.9993596076965332,0.7630712358511622,sham_0_01_023_0123,0.7634727744027235,0.23628839472098173
7,layout_01236457,2,0.9993599653244019,0.762924686549315,sham_0_01_023_0123,0.7633290517160126,0.23643528680774406
7,layout_01243567,1,0.9993600845336914,0.9859403101670625,sham_0_12_012_0123,0.9859403101670625,0.013419820467096333
7,layout_01243657,5,0.9993591904640198,0.7984054072789648,sham_0_12_012_0123,0.9859376452709276,0.20095379185799636
7,layout_01246357,8,0.9993574619293213,0.7700243530166856,sham_0_12_012_0123,0.9859127273211494,0.2293331015202627
7,layout_01263457,5,0.9993577003479004,0.7388753872850047,sham_0_13_012_0123,0.866188018177672,0.2604822811068898
7,layout_01264357,8,0.9993575811386108,0.7698668405150834,sham_0_12_012_0123,0.9859370436842427,0.22949071635093293
7,layout_01423567,1,0.9993598461151123,0.9859559351433185,sham_0_12_012_0123,0.9859559351433185,0.0134039217402111
7,layout_01423657,5,0.9993589520454407,0.7981413114594965,sham_0_12_012_0123,0.985954920708568,0.2012176633451396
7,layout_01426357,8,0.9993575215339661,0.7710179507436017,sham_0_12_012_0123,0.9859504714192022,0.2283395945390901
7,layout_01462357,8,0.9993563890457153,0.7711516804573253,sham_0_12_012_0123,0.9859519094677522,0.2282047659811436
7,layout_01623457,5,0.9993559718132019,0.740100042663399,sham_0_13_012_0123,0.8664863606009137,0.259255941489827
7,layout_01624357,8,0.9993557929992676,0.7705853593087704,sham_0_12_012_0123,0.9859486780310438,0.228770470128493
7,layout_01642357,8,0.9993553757667542,0.771535086619209,sham_0_12_012_0123,0.9859503442316293,0.22782030922918822
7,layout_02134657,2,0.9993588924407959,0.7630710089174775,sham_0_01_023_0123,0.7634729649988855,0.23628786780725003
7,layout_02136457,2,0.9993591904640198,0.762873007935942,sham_0_01_023_0123,0.7632778081162361,0.23648620563651912
7,layout_02143567,1,0.9993593692779541,0.9849922066792391,sham_0_12_012_0123,0.9849922066792391,0.014367160037577875
7,layout_02143657,5,0.9993584156036377,0.7978205067014827,sham_0_12_012_0123,0.984989588944714,0.20153793265088055
7,layout_02146357,8,0.9993566870689392,0.7682106699258389,sham_0_12_012_0123,0.9849652743520783,0.23114602715481802
7,layout_02163457,5,0.9993569254875183,0.7363833455342188,sham_0_13_012_0123,0.8629156822140018,0.26297356441185404
7,layout_02164357,8,0.999356746673584,0.7679229123426902,sham_0_12_012_0123,0.9849886768790421,0.2314338833999519
7,layout_02413567,1,0.9993585348129272,0.9849857758029832,sham_0_12_012_0123,0.9849857758029832,0.01437276226957307
7,layout_02413657,5,0.9993576407432556,0.7978367659717762,sham_0_12_012_0123,0.9849840280521045,0.2015208587643726
7,layout_02416357,8,0.9993560314178467,0.7677795206527829,sham_0_12_012_0123,0.984970446892556,0.23157649970560823
7,layout_02461357,8,0.999316930770874,0.7681334984525232,sham_0_12_012_0123,0.9847076238481942,0.23118347830240288
7,layout_02613457,5,0.9989522695541382,0.7369923152955289,sham_0_13_012_0123,0.863058802439638,0.2619600294629072
7,layout_02614357,8,0.9989522099494934,0.7679156111479939,sham_0_12_012_0123,0.9837623437217098,0.23103661562351355
7,layout_02641357,8,0.9989519119262695,0.7680189130437185,sham_0_12_012_0123,0.983757884255223,0.23093303613545396
7,layout_04123567,1,0.9993579387664795,0.9859524498728924,sham_0_12_012_0123,0.9859524498728924,0.013405458450980401
7,layout_04123657,5,0.9993569254875183,0.7987560557202665,sham_0_12_012_0123,0.9859513957234216,0.20060091604234226
7,layout_04126357,8,0.9993557333946228,0.7711627619207211,sham_0_12_012_0123,0.9859473936755179,0.22819298509449443
7,layout_04162357,8,0.9993546009063721,0.7707563116977905,sham_0_12_012_0123,0.985948567987053,0.22859828722952122
7,layout_04213567,1,0.9993573427200317,0.98595161296238,sham_0_12_012_0123,0.98595161296238,0.013405746579665756
7,layout_04213657,5,0.9993564486503601,0.7985584959804083,sham_0_12_012_0123,0.9859505539002065,0.20079792333329072
7,layout_04216357,8,0.9993551969528198,0.7705911242330593,sham_0_12_012_0123,0.9859465475009981,0.22876406503634927
7,layout_04261357,8,0.9993157982826233,0.7708962300211405,sham_0_12_012_0123,0.9856256043127916,0.2284195845014202
7,layout_04612357,8,0.99812912940979,0.7704852814342895,sham_0_12_012_0123,0.9847222115575125,0.22764381458249305
7,layout_04621357,8,0.9981289505958557,0.7703121697583308,sham_0_12_012_0123,0.9847220386099376,0.2278167768175583
7,layout_06123457,5,0.9979538917541504,0.7397798380577767,sham_0_13_012_0123,0.8652878215699105,0.25817405580003494
7,layout_06124357,8,0.9979537725448608,0.7698596892676137,sham_0_12_012_0123,0.9844650045813825,0.2280940461653158
7,layout_06142357,8,0.9979532361030579,0.7711360855644143,sham_0_12_012_0123,0.9844672947982187,0.22681716087323195
7,layout_06213457,5,0.9979535341262817,0.7398306480999082,sham_0_13_012_0123,0.8653313209414542,0.2581228807003727
7,layout_06214357,8,0.9979533553123474,0.7698594564935695,sham_0_12_012_0123,0.9844638821037832,0.2280939092070265
7,layout_06241357,8,0.9979531764984131,0.769945322077583,sham_0_12_012_0123,0.9844562953222327,0.22800785828527298
7,layout_06412357,8,0.997951865196228,0.7711023612677282,sham_0_12_012_0123,0.9844641755873003,0.22684946860008753
7,layout_06421357,8,0.9979515671730042,0.7709210634413621,sham_0_12_012_0123,0.9844638677282656,0.227030482085668
7,layout_20134657,2,0.9993453025817871,0.7622903523965987,sham_0_01_023_0123,0.7626958974477622,0.23705498446950063
7,layout_20136457,2,0.9993457794189453,0.7620182470312464,sham_0_01_023_0123,0.7624268554640712,0.23732753337722917
7,layout_20143567,1,0.9993453025817871,0.9820293527575146,sham_0_12_012_0123,0.9820293527575146,0.017315972525260293
7,layout_20143657,5,0.9993443489074707,0.7955197277732249,sham_0_12_012_0123,0.982026948562833,0.2038246344055925
7,layout_20146357,8,0.9993427395820618,0.7610574813135909,sham_0_12_012_0123,0.9820040983202674,0.2382852275930336
7,layout_20163457,5,0.9993435144424438,0.7270543498260575,sham_0_13_012_0123,0.8538992033401165,0.27228921339440615
7,layout_20164357,8,0.9993433952331543,0.7608339244927256,sham_0_12_012_0123,0.9820315845851226,0.238509515152874
7,layout_20413567,1,0.9993438720703125,0.9820179050670035,sham_0_12_012_0123,0.9820179050670035,0.017325933766734636
7,layout_20413657,5,0.9993428587913513,0.7953968792394834,sham_0_12_012_0123,0.9820163312512591,0.20394601179891197
7,layout_20416357,8,0.9993413686752319,0.760950788042424,sham_0_12_012_0123,0.982003834115865,0.23839058936395713
7,layout_20461357,8,0.9993003010749817,0.7616285388873487,sham_0_12_012_0123,0.9817364959129051,0.23767179984798953
7,layout_20613457,5,0.9989180564880371,0.7277043528493294,sham_0_13_012_0123,0.8533850433116514,0.2712136584113552
7,layout_20614357,8,0.998917818069458,0.76083438175064,sham_0_12_012_0123,0.980780509416391,0.23808350413074295
7,layout_20641357,8,0.9989175796508789,0.7608584001366727,sham_0_12_012_0123,0.9807727485213178,0.23805919947943396
7,layout_24013567,1,0.9990192651748657,0.9820847210257355,sham_0_12_012_0123,0.9820847210257355,0.016934544323753187
7,layout_24013657,5,0.9990180730819702,0.7937996705807131,sham_0_12_012_0123,0.9820567368423809,0.20521842706489002
7,layout_24016357,8,0.9990150928497314,0.7600696149724067,sham_0_12_012_0123,0.9818441358710643,0.23894547141627448
7,layout_24061357,8,0.9989755153656006,0.7602142938216311,sham_0_12_012_0123,0.981781541032376,0.2387612700891587
7,layout_24601357,8,0.999171793460846,0.7594027591715201,sham_0_12_012_0123,0.9815779264790123,0.23976902322987026
7,layout_26013457,5,0.9992172718048096,0.7255198490786254,sham_0_13_012_0123,0.8526583321032941,0.2736974709803349
7,layout_26014357,8,0.99921715259552,0.7580296016989784,sham_0_12_012_0123,0.9778525188146361,0.24118756626336413
7,layout_26041357,8,0.9992166757583618,0.7580076696695942,sham_0_12_012_0123,0.9778436503549912,0.24120905632197898
7,layout_26401357,8,0.9992034435272217,0.7576990003575392,sham_0_12_012_0123,0.978136137389825,0.24150442541634592
7,layout_40123567,1,0.9992796182632446,0.9868823579250425,sham_0_12_012_0123,0.9868823579250425,0.012397255681589225
7,layout_40123657,5,0.9992788434028625,0.7971031996398508,sham_0_12_012_0123,0.9868815202063885,0.2021755936462158
7,layout_40126357,8,0.9992772936820984,0.769830436377135,sham_0_12_012_0123,0.986877194831167,0.2294468314607619
7,layout_40162357,8,0.9992769956588745,0.7693330017518011,sham_0_12_012_0123,0.9868791689404026,0.2299439695180635
7,layout_40213567,1,0.9992756843566895,0.9868780697052615,sham_0_12_012_0123,0.9868780697052615,0.012397575477672174
7,layout_40213657,5,0.9992748498916626,0.7970741493391189,sham_0_12_012_0123,0.9868772316041863,0.20220067523221116
7,layout_40216357,8,0.9992733001708984,0.7696489089122456,sham_0_12_012_0123,0.9868729078236851,0.22962438654383227
7,layout_40261357,8,0.999233067035675,0.7688662001699564,sham_0_12_012_0123,0.9865562512979205,0.23036685388541023
7,layout_40612357,8,0.9980558156967163,0.7683645277395761,sham_0_12_012_0123,0.9856573710773144,0.22969123510094613
7,layout_40621357,8,0.9980555772781372,0.768325303770968,sham_0_12_012_0123,0.9856571714199331,0.2297302779564173
7,layout_42013567,1,0.9992989301681519,0.9868849257341012,sham_0_12_012_0123,0.9868849257341012,0.012414041628745931
7,layout_42013657,5,0.9992981553077698,0.7963068428255436,sham_0_12_012_0123,0.9868840412713924,0.20299129909446412
7,layout_42016357,8,0.9992966651916504,0.7674658517651307,sham_0_12_012_0123,0.9868798457059835,0.23183086098217862
7,layout_42061357,8,0.9992561340332031,0.7668442597045511,sham_0_12_012_0123,0.9865628475405122,0.23241189964898457
7,layout_42601357,8,0.9993212223052979,0.7624102618411102,sham_0_12_012_0123,0.9855637863535027,0.23691097722799398
7,layout_46012357,8,0.9970688819885254,0.7699830869306675,sham_0_12_012_0123,0.9846749467452134,0.22708577762739193
7,layout_46021357,8,0.9970685839653015,0.7699502839826579,sham_0_12_012_0123,0.9846746722241297,0.22711832458447542
7,layout_46201357,8,0.9970645308494568,0.7699616739305555,sham_0_12_012_0123,0.9846632179347727,0.22710289505674255
7,layout_60123457,5,0.99934983253479,0.7402814932684922,sham_0_13_012_0123,0.8682483703188422,0.2590683085908605
7,layout_60124357,8,0.9993496537208557,0.7700266979993197,sham_0_12_012_0123,0.9859789770306935,0.2293229552558747
7,layout_60142357,8,0.9993491768836975,0.770277255107012,sham_0_12_012_0123,0.9859802954772308,0.22907193597935477
7,layout_60213457,5,0.9993493556976318,0.7402979758627667,sham_0_13_012_0123,0.8682905695773755,0.259051354281702
7,layout_60214357,8,0.9993491768836975,0.7700266949552912,sham_0_12_012_0123,0.9859779486864371,0.22932247983293058
7,layout_60241357,8,0.9993486404418945,0.7698525029546284,sham_0_12_012_0123,0.9859739805698733,0.22949611496090144
7,layout_60412357,8,0.9993467330932617,0.7702392147205929,sham_0_12_012_0123,0.985977163585027,0.22910747623032235
7,layout_60421357,8,0.9993462562561035,0.7702613446781497,sham_0_12_012_0123,0.9859766859898973,0.22908488823668186
7,layout_62013457,5,0.9993464946746826,0.7394215891093092,sham_0_13_012_0123,0.8685698704883122,0.25992489270148034
7,layout_62014357,8,0.9993463754653931,0.7692081642425547,sham_0_12_012_0123,0.9859514779378991,0.23013818043098577
7,layout_62041357,8,0.9993458986282349,0.7688522678558978,sham_0_12_012_0123,0.9859474139418545,0.23049359648802473
7,layout_62401357,8,0.9993456602096558,0.7678327531049818,sham_0_12_012_0123,0.9869273876342213,0.2315129021570228
7,layout_64012357,8,0.9993386268615723,0.7704743985078202,sham_0_12_012_0123,0.9869432499583057,0.2288642359789556
7,layout_64021357,8,0.9993380308151245,0.7704917150216463,sham_0_12_012_0123,0.986942662842544,0.2288463507180748
7,layout_64201357,8,0.9993373155593872,0.7701458325518026,sham_0_12_012_0123,0.9869346219755015,0.22919152258879405
8,layout_01234657,2,0.9993639588356018,0.9754882966618532,sham_0_01_023_0123,0.975814535507701,0.023875658623081275
8,layout_01236457,2,0.9993639588356018,0.9759965446314678,sham_0_01_023_0123,0.9762634860136252,0.023367389233047486
8,layout_01243567,1,0.9993639588356018,0.865816950383317,sham_0_12_012_0123,0.865816950383317,0.13354700833586952
8,layout_01243657,5,0.9993637800216675,0.8767672629812698,sham_0_01_023_0123,0.9758801740603911,0.12259647355927492
8,layout_01246357,8,0.9993636012077332,0.8787048523493801,sham_0_01_023_0123,0.9771022668828753,0.12065874268834098
8,layout_01263457,5,0.9993636608123779,0.918839067443918,sham_0_01_023_0123,0.9769987578321588,0.08052462520805045
8,layout_01264357,8,0.9993634819984436,0.8792328847262183,sham_0_01_023_0123,0.9770017562864304,0.1201305779472819
8,layout_01423567,1,0.9993626475334167,0.8692031669997305,sham_0_12_012_0123,0.8692031669997305,0.13015949689003892
8,layout_01423657,5,0.9993624687194824,0.8788077351908302,sham_0_01_023_0123,0.9757765062914716,0.12055470430840634
8,layout_01426357,8,0.9993622303009033,0.8806266833582139,sham_0_01_023_0123,0.9769890489765674,0.11873553617427217
8,layout_01462357,8,0.9993617534637451,0.8812271773078474,sham_0_01_023_0123,0.9769063337466317,0.11813457947373443
8,layout_01623457,5,0.999363124370575,0.9199160937435781,sham_0_01_023_0123,0.9769899546932423,0.07944703964918434
8,layout_01624357,8,0.9993628263473511,0.8800269233492322,sham_0_01_023_0123,0.9769889007198698,0.1193359135337055
8,layout_01642357,8,0.9993617534637451,0.8814572173316351,sham_0_01_023_0123,0.9769313045520152,0.11790450761035617
8,layout_02134657,2,0.9993589520454407,0.9755176353623813,sham_0_01_023_0123,0.9758469121486613,0.023841302305767087
8,layout_02136457,2,0.9993588924407959,0.9760370004344643,sham_0_01_023_0123,0.9763086766567506,0.023321911098444392
8,layout_02143567,1,0.9993590712547302,0.8641469425879938,sham_0_12_012_0123,0.8641469425879938,0.13521210276432727
8,layout_02143657,5,0.9993587136268616,0.8751283866785915,sham_0_01_023_0123,0.9759142893023567,0.12423033602866508
8,layout_02146357,8,0.9993586540222168,0.8763090245052964,sham_0_01_023_0123,0.977126528798073,0.12304960506970286
8,layout_02163457,5,0.9993587136268616,0.9173820616840431,sham_0_01_023_0123,0.9770322259830664,0.08197666201274381
8,layout_02164357,8,0.9993585348129272,0.876573341549314,sham_0_01_023_0123,0.9770370459118327,0.12278515426448038
8,layout_02413567,1,0.9993579387664795,0.8638652880551104,sham_0_12_012_0123,0.8638652880551104,0.13549261142119795
8,layout_02413657,5,0.9993575811386108,0.8749956000547562,sham_0_01_023_0123,0.9758646229392482,0.12436194796369557
8,layout_02416357,8,0.9993574619293213,0.8758517658286683,sham_0_01_023_0123,0.9771142735804608,0.12350571723003391
8,layout_02461357,8,0.9993560314178467,0.8758288873833758,sham_0_01_023_0123,0.9786001223004908,0.12352712942434796
8,layout_02613457,5,0.9993547797203064,0.9168783580436766,sham_0_01_023_0123,0.9779871743257509,0.08247635968547093
8,layout_02614357,8,0.9993545413017273,0.8753181190668948,sham_0_01_023_0123,0.9780295673225403,0.12403640052337499
8,layout_02641357,8,0.9993541240692139,0.8758644639139359,sham_0_01_023_0123,0.9779935462283902,0.12348966294924574
8,layout_04123567,1,0.9993593692779541,0.8692254413268424,sham_0_12_012_0123,0.8692254413268424,0.1301338985562429
8,layout_04123657,5,0.999359130859375,0.8783199993591856,sham_0_01_023_0123,0.9757024368643341,0.12103909168614937
8,layout_04126357,8,0.9993589520454407,0.8807012480934602,sham_0_01_023_0123,0.9769547112533115,0.11865771384728277
8,layout_04162357,8,0.9993586540222168,0.8815574854378476,sham_0_01_023_0123,0.9768648784211855,0.1178011545563229
8,layout_04213567,1,0.9993589520454407,0.8685044597287591,sham_0_12_012_0123,0.8685044597287591,0.13085451111775603
8,layout_04213657,5,0.9993587732315063,0.8777633252728968,sham_0_01_023_0123,0.9751697426621142,0.1215953913807631
8,layout_04216357,8,0.999358594417572,0.8794678739537536,sham_0_01_023_0123,0.9763564639295677,0.11989071772805833
8,layout_04261357,8,0.9993576407432556,0.8782665413775521,sham_0_01_023_0123,0.9775694276811588,0.12109107928406045
8,layout_04612357,8,0.9993573427200317,0.8828412802042446,sham_0_01_023_0123,0.9785767725533567,0.1165160520966159
8,layout_04621357,8,0.9993572235107422,0.8825822610880052,sham_0_01_023_0123,0.9790755056356168,0.11677499728912587
8,layout_06123457,5,0.999357283115387,0.9203022981107889,sham_0_01_023_0123,0.9783050523725727,0.07905498413148321
8,layout_06124357,8,0.9993569850921631,0.8805907586703992,sham_0_01_023_0123,0.9783498235891628,0.1187662917889671
8,layout_06142357,8,0.999356210231781,0.882161932294107,sham_0_01_023_0123,0.9778444156132124,0.11719428160475669
8,layout_06213457,5,0.9993563890457153,0.9200869286785375,sham_0_01_023_0123,0.9783342783055673,0.07926944703762345
8,layout_06214357,8,0.9993561506271362,0.878725043144999,sham_0_01_023_0123,0.9783767785256181,0.12063110265090136
8,layout_06241357,8,0.9993557929992676,0.8790750624824311,sham_0_01_023_0123,0.9783433532287606,0.12028075222829397
8,layout_06412357,8,0.9993562698364258,0.8828421219584645,sham_0_01_023_0123,0.9778455779000659,0.11651408908822383
8,layout_06421357,8,0.9993560910224915,0.882762652396086,sham_0_01_023_0123,0.9783577601937257,0.11659346249154645
8,layout_20134657,2,0.9993531703948975,0.9762462040334503,sham_0_01_023_0123,0.9765503102932591,0.023107020378156484
8,layout_20136457,2,0.9993532299995422,0.9767660431819314,sham_0_01_023_0123,0.9770129638410765,0.02258715951821788
8,layout_20143567,1,0.999353289604187,0.8399831819677344,sham_0_12_012_0123,0.8399831819677344,0.15937004320057202
8,layout_20143657,5,0.9993529915809631,0.860460854666472,sham_0_01_023_0123,0.9766160755382991,0.13889215996472482
8,layout_20146357,8,0.9993528127670288,0.8538238826377025,sham_0_01_023_0123,0.9778033019260288,0.14552898967576341
8,layout_20163457,5,0.9993529915809631,0.8960883821981762,sham_0_01_023_0123,0.9777241465686597,0.10326458086103307
8,layout_20164357,8,0.9993526935577393,0.8537693093278169,sham_0_01_023_0123,0.97772818705063,0.14558343149454298
8,layout_20413567,1,0.9993520379066467,0.8399641176873667,sham_0_12_012_0123,0.8399641176873667,0.15938789681980037
8,layout_20413657,5,0.9993517398834229,0.8604266684337124,sham_0_01_023_0123,0.9765545290157167,0.13892511254431908
8,layout_20416357,8,0.9993516206741333,0.8538073447578379,sham_0_01_023_0123,0.9777824667537303,0.14554432166751685
8,layout_20461357,8,0.9993507862091064,0.8543291596651139,sham_0_01_023_0123,0.9792751461612212,0.14502157590332754
8,layout_20613457,5,0.9993500709533691,0.8965852325952517,sham_0_01_023_0123,0.9786766158787916,0.1027648633874116
8,layout_20614357,8,0.9993499517440796,0.8538690692656161,sham_0_01_023_0123,0.9787188515747065,0.1454808351556351
8,layout_20641357,8,0.9993495345115662,0.8538159022355198,sham_0_01_023_0123,0.9786789787062595,0.14553362261357466
8,layout_24013567,1,0.999321699142456,0.8395439465117316,sham_0_12_012_0123,0.8395439465117316,0.1597777695691538
8,layout_24013657,5,0.9993215203285217,0.8600849204405281,sham_0_01_023_0123,0.9762488052761267,0.13923660483564487
8,layout_24016357,8,0.9993214011192322,0.8536428761216033,sham_0_01_023_0123,0.9776138451699303,0.1456785258125361
8,layout_24061357,8,0.9993206262588501,0.8539569916422072,sham_0_01_023_0123,0.9787946536905103,0.14536357798058883
8,layout_24601357,8,0.9993208050727844,0.8532339488854503,sham_0_01_023_0123,0.9772538810892044,0.14608683564002972
8,layout_26013457,5,0.9993504881858826,0.8959013115995449,sham_0_01_023_0123,0.9786050890988474,0.1034491533032733
8,layout_26014357,8,0.9993503093719482,0.8534266937446453,sham_0_01_023_0123,0.9786451559949931,0.1459235828563899
8,layout_26041357,8,0.9993498921394348,0.8533863469122713,sham_0_01_023_0123,0.9785965331476216,0.14596357532052412
8,layout_26401357,8,0.99934983253479,0.8530736756589572,sham_0_01_023_0123,0.9785863988790862,0.14627617462916936
8,layout_40123567,1,0.9993592500686646,0.869050694015416,sham_0_12_012_0123,0.869050694015416,0.13030856001136948
8,layout_40123657,5,0.999359130859375,0.8755666753464508,sham_0_01_023_0123,0.9692427262933254,0.12379240760801932
8,layout_40126357,8,0.9993589520454407,0.875330976092562,sham_0_01_023_0123,0.969383143201819,0.12402798590638865
8,layout_40162357,8,0.9993587732315063,0.8761744062769689,sham_0_01_023_0123,0.969491633032737,0.12318432638379784
8,layout_40213567,1,0.9993588924407959,0.8684087299553994,sham_0_12_012_0123,0.8684087299553994,0.1309501627764348
8,layout_40213657,5,0.9993587136268616,0.8751138005233002,sham_0_01_023_0123,0.9694459276192653,0.124244916246775
8,layout_40216357,8,0.999358594417572,0.874570831832022,sham_0_01_023_0123,0.9695827410993267,0.12478776520489472
8,layout_40261357,8,0.9993578195571899,0.8727869147281206,sham_0_01_023_0123,0.9695724693446159,0.1265708757252389
8,layout_40612357,8,0.9993574023246765,0.8769369320120317,sham_0_01_023_0123,0.9699516126128618,0.12242051070876145
8,layout_40621357,8,0.9993573427200317,0.8764278886398262,sham_0_01_023_0123,0.9701906103854192,0.1229294742782638
8,layout_42013567,1,0.999357283115387,0.8615535474543399,sham_0_12_012_0123,0.8615535474543399,0.13780376086496426
8,layout_42013657,5,0.9993571043014526,0.8705973930908136,sham_0_01_023_0123,0.9696373959416231,0.12875974275919128
8,layout_42016357,8,0.9993569850921631,0.8683643514790453,sham_0_01_023_0123,0.9697600685417012,0.13099266271694826
8,layout_42061357,8,0.9993562698364258,0.867317999589962,sham_0_01_023_0123,0.9697695930749077,0.1320382522602966
8,layout_42601357,8,0.9993565082550049,0.8652928999440591,sham_0_01_023_0123,0.9690795021171024,0.13406354876450866
8,layout_46012357,8,0.9993575811386108,0.8760217852907192,sham_0_01_023_0123,0.9678439761886768,0.12333580161045014
8,layout_46021357,8,0.9993574619293213,0.8753860861854864,sham_0_01_023_0123,0.9680876317772498,0.12397141270569957
8,layout_46201357,8,0.9993569254875183,0.8714540925409618,sham_0_01_023_0123,0.9682420986165532,0.12790283003617348
8,layout_60123457,5,0.9993568658828735,0.920602695172243,sham_0_01_023_0123,0.9779068953907419,0.07875415703183025
8,layout_60124357,8,0.9993566274642944,0.8814958445056773,sham_0_01_023_0123,0.9779487492451437,0.11786079529864123
8,layout_60142357,8,0.9993559122085571,0.8831685518031203,sham_0_01_023_0123,0.9774252403963626,0.11618740342089826
8,layout_60213457,5,0.9993560910224915,0.9199396904000365,sham_0_01_023_0123,0.9779332955780848,0.07941642390551922
8,layout_60214357,8,0.9993559122085571,0.878982246320255,sham_0_01_023_0123,0.9779731302988939,0.12037365942725177
8,layout_60241357,8,0.9993556141853333,0.8793563987015485,sham_0_01_023_0123,0.9779275771163949,0.11999918568146244
8,layout_60412357,8,0.9993559122085571,0.883738252993719,sham_0_01_023_0123,0.9774142780234136,0.11561766177597527
8,layout_60421357,8,0.9993558526039124,0.8833355802381672,sham_0_01_023_0123,0.9779385263993401,0.1160202725403682
8,layout_62013457,5,0.9993535876274109,0.9073684832509767,sham_0_01_023_0123,0.9780221967320628,0.09198511368965992
8,layout_62014357,8,0.9993534088134766,0.8655749596836222,sham_0_01_023_0123,0.978061730226278,0.13377843091085645
8,layout_62041357,8,0.9993530511856079,0.865923096576125,sham_0_01_023_0123,0.9780182271000033,0.13342997643735577
8,layout_62401357,8,0.999353289604187,0.8652412269269202,sham_0_01_023_0123,0.9782173008563539,0.13411201093065633
8,layout_64012357,8,0.9993543028831482,0.8825917113474204,sham_0_01_023_0123,0.9766175154775052,0.11676255847377638
8,layout_64021357,8,0.9993542432785034,0.8822568927139611,sham_0_01_023_0123,0.9772129143289643,0.11709731290418571
8,layout_64201357,8,0.9993538856506348,0.8771689914308911,sham_0_01_023_0123,0.9775106678930428,0.12218487076205628
9,layout_01234657,2,0.9994213581085205,0.8429895801219117,sham_0_01_123_0123,0.8430960570072971,0.1564318125037517
9,layout_01236457,2,0.9994213581085205,0.8445537134382335,sham_0_01_123_0123,0.8447009161690333,0.15486764199273467
9,layout_01243567,1,0.9994211792945862,0.8564829095791289,sham_0_12_012_0123,0.8564829095791289,0.14293829282389875
9,layout_01243657,5,0.9994211196899414,0.7745272149008322,sham_0_12_012_0123,0.8552064779873028,0.22489392824679644
9,layout_01246357,8,0.9994210004806519,0.7184892708083541,sham_0_12_012_0123,0.8559426184439204,0.2809317397422231
9,layout_01263457,5,0.9994211792945862,0.7121802733433755,sham_0_01_123_0123,0.8436675281488516,0.2872408912828801
9,layout_01264357,8,0.9994210004806519,0.7190641853436168,sham_0_12_012_0123,0.8552633409659032,0.28035678486905147
9,layout_01423567,1,0.9994214773178101,0.8582311489987136,sham_0_12_012_0123,0.8582311489987136,0.14119032895938072
9,layout_01423657,5,0.9994214177131653,0.7754179452163633,sham_0_12_012_0123,0.8567078055519988,0.22400347709520718
9,layout_01426357,8,0.9994212985038757,0.7188976860685871,sham_0_12_012_0123,0.8569736249274351,0.28052360306385526
9,layout_01462357,8,0.9994212985038757,0.7184949511251592,sham_0_12_012_0123,0.8593155095546449,0.28092634964881535
9,layout_01623457,5,0.9994213581085205,0.7121310310659197,sham_0_01_123_0123,0.8437471873262932,0.28729032407401006
9,layout_01624357,8,0.9994211196899414,0.7198502366464464,sham_0_12_012_0123,0.8572365181274295,0.2795709146502548
9,layout_01642357,8,0.999421238899231,0.719957326411683,sham_0_12_012_0123,0.8581952778484228,0.27946395625970905
9,layout_02134657,2,0.9994046688079834,0.8430902376161323,sham_0_01_123_0123,0.8431712801908596,0.1563144708894758
9,layout_02136457,2,0.9994046688079834,0.8443994610200538,sham_0_01_123_0123,0.844533254546772,0.15500522268909073
9,layout_02143567,1,0.9994045495986938,0.855387947917642,sham_0_12_012_0123,0.855387947917642,0.14401656658183226
9,layout_02143657,5,0.9994044303894043,0.774103850985238,sham_0_12_012_0123,0.8543017271844664,0.2253006100213959
9,layout_02146357,8,0.9994043111801147,0.7187393645922333,sham_0_12_012_0123,0.8550592155650936,0.2806649650979176
9,layout_02163457,5,0.9994045495986938,0.7126786740515354,sham_0_01_123_0123,0.8438003814073731,0.2867258322988664
9,layout_02164357,8,0.9994043111801147,0.7191089940650084,sham_0_12_012_0123,0.8540706537122817,0.2802953204911507
9,layout_02413567,1,0.9994001388549805,0.8563621498921996,sham_0_12_012_0123,0.8563621498921996,0.143037983607676
9,layout_02413657,5,0.9994000196456909,0.7744722818710701,sham_0_12_012_0123,0.8548616749074083,0.22492780081351763
9,layout_02416357,8,0.9993999600410461,0.7189967890293119,sham_0_12_012_0123,0.855576210513858,0.2804031626880388
9,layout_02461357,8,0.9993982315063477,0.7205203016604129,sham_0_12_012_0123,0.8573276501771762,0.2788779441068116
9,layout_02613457,5,0.9994009137153625,0.7124042371920389,sham_0_01_123_0123,0.8450531583214246,0.2869966890961783
9,layout_02614357,8,0.9994007349014282,0.7197211895054604,sham_0_12_012_0123,0.855498313786849,0.27967954411539925
9,layout_02641357,8,0.9993975758552551,0.7202247068552552,sham_0_12_012_0123,0.8560772492844885,0.27917288739362073
9,layout_04123567,1,0.9994173645973206,0.8581157047186605,sham_0_12_012_0123,0.8581157047186605,0.14130167966926477
9,layout_04123657,5,0.9994173049926758,0.775295763491634,sham_0_12_012_0123,0.8564567953497015,0.22412156711241263
9,layout_04126357,8,0.9994171857833862,0.7188692636815815,sham_0_12_012_0123,0.8571163169192384,0.280547936479097
9,layout_04162357,8,0.9994171857833862,0.7182968921230024,sham_0_12_012_0123,0.8590883143908582,0.2811203292834722
9,layout_04213567,1,0.9994067549705505,0.8558704299145171,sham_0_12_012_0123,0.8558704299145171,0.14353631411299317
9,layout_04213657,5,0.9994066953659058,0.773881164484471,sham_0_12_012_0123,0.8543543304022698,0.22552553053218882
9,layout_04216357,8,0.9994065165519714,0.7181708281559223,sham_0_12_012_0123,0.8547947558577687,0.2812357361845388
9,layout_04261357,8,0.999405026435852,0.7203072938259523,sham_0_12_012_0123,0.8570639995462022,0.2790977565914561
9,layout_04612357,8,0.9994146823883057,0.7206765574673304,sham_0_12_012_0123,0.860272220701119,0.2787381114750055
9,layout_04621357,8,0.9994038343429565,0.7200039557773157,sham_0_12_012_0123,0.8590261777472736,0.2793998643047639
9,layout_06123457,5,0.9994198679924011,0.7124226865804633,sham_0_01_123_0123,0.8446919321085918,0.28699722134239325
9,layout_06124357,8,0.9994196891784668,0.721030530259448,sham_0_12_012_0123,0.8589741545109733,0.2783891786514159
9,layout_06142357,8,0.9994198083877563,0.7213156713573983,sham_0_12_012_0123,0.8605659252916633,0.2781041549001101
9,layout_06213457,5,0.99940025806427,0.7118433821477805,sham_0_01_123_0123,0.8444372002522452,0.287556816952129
9,layout_06214357,8,0.9994000196456909,0.7212502646090552,sham_0_12_012_0123,0.8590757983597246,0.2781497434533113
9,layout_06241357,8,0.999396800994873,0.7203005107865171,sham_0_12_012_0123,0.8588693926823449,0.27909632944031937
9,layout_06412357,8,0.9994165897369385,0.7214607060959274,sham_0_12_012_0123,0.860050928653739,0.27795593998602686
9,layout_06421357,8,0.999405026435852,0.7207699750737306,sham_0_12_012_0123,0.8589915349378245,0.27863504938306094
9,layout_20134657,2,0.9994080066680908,0.8434841204465188,sham_0_01_123_0123,0.843487192068366,0.1559239011809409
9,layout_20136457,2,0.9994080066680908,0.8449093315006693,sham_0_01_123_0123,0.8449631862485516,0.1544986662616495
9,layout_20143567,1,0.9994077086448669,0.8253453605244981,sham_0_12_012_0123,0.8253453605244981,0.17406238438374155
9,layout_20143657,5,0.9994077086448669,0.7541671461501651,sham_0_01_023_0123,0.8436696887908997,0.2452405649394236
9,layout_20146357,8,0.9994075298309326,0.697811220301515,sham_0_01_023_0123,0.8435748404457077,0.3015963320557824
9,layout_20163457,5,0.9994077682495117,0.700298199286201,sham_0_01_123_0123,0.844114389484697,0.2991095944000585
9,layout_20164357,8,0.9994075298309326,0.6984792442450531,sham_0_01_123_0123,0.8444802988204659,0.30092830822865957
9,layout_20413567,1,0.9994057416915894,0.8253824186700459,sham_0_12_012_0123,0.8253824186700459,0.1740232812284429
9,layout_20413657,5,0.9994056820869446,0.7542529490772065,sham_0_01_123_0123,0.8438240606859218,0.24515272323085097
9,layout_20416357,8,0.9994055032730103,0.6979854366759355,sham_0_01_023_0123,0.8436372616875457,0.3014200781803993
9,layout_20461357,8,0.9994046688079834,0.699274157852737,sham_0_01_123_0123,0.8451908407789458,0.3001304968689923
9,layout_20613457,5,0.9994070529937744,0.7012209217358918,sham_0_01_123_0123,0.8454986621418722,0.2981861247386246
9,layout_20614357,8,0.9994068145751953,0.6996165527036938,sham_0_01_123_0123,0.8459919485387946,0.2997902522090299
9,layout_20641357,8,0.9994053840637207,0.699658919802803,sham_0_01_123_0123,0.8462811442626725,0.29974647415622
9,layout_24013567,1,0.999386191368103,0.8255319910330065,sham_0_12_012_0123,0.8255319910330065,0.17385416704031453
9,layout_24013657,5,0.9993860721588135,0.7496851824161508,sham_0_01_123_0123,0.8320460387197368,0.24970091663460198
9,layout_24016357,8,0.9993858933448792,0.6914343309013042,sham_0_01_023_0123,0.8320925841150791,0.3079516136663165
9,layout_24061357,8,0.9993852376937866,0.693037693041181,sham_0_01_023_0123,0.8344491038516284,0.30634756613123243
9,layout_24601357,8,0.9993847012519836,0.6926213434858239,sham_0_01_123_0123,0.8327060786548607,0.30676337854629465
9,layout_26013457,5,0.9994100332260132,0.7014998366390254,sham_0_01_123_0123,0.8461014092360895,0.2979102156791007
9,layout_26014357,8,0.9994099140167236,0.7000904243933274,sham_0_01_123_0123,0.8467431508945611,0.29931943368583414
9,layout_26041357,8,0.9994086027145386,0.6997521845020321,sham_0_01_123_0123,0.8458994562879348,0.2996564413791555
9,layout_26401357,8,0.9993912577629089,0.6952050396825573,sham_0_01_123_0123,0.8369853792307925,0.30418623024575275
9,layout_40123567,1,0.999382734298706,0.8573640264658473,sham_0_12_012_0123,0.8573640264658473,0.14201876021975351
9,layout_40123657,5,0.999382734298706,0.7628215572080036,sham_0_12_012_0123,0.8556921645338975,0.23656116667153124
9,layout_40126357,8,0.9993826150894165,0.7007318073229638,sham_0_12_012_0123,0.8563135614682621,0.29865077761488446
9,layout_40162357,8,0.9993826150894165,0.7015224146880877,sham_0_12_012_0123,0.8583268453313952,0.29786017467354275
9,layout_40213567,1,0.9993753433227539,0.8559225978807993,sham_0_12_012_0123,0.8559225978807993,0.14345275364923482
9,layout_40213657,5,0.9993753433227539,0.7619337192491489,sham_0_12_012_0123,0.854357421417995,0.23744157389860143
9,layout_40216357,8,0.9993751049041748,0.7001603575261164,sham_0_12_012_0123,0.8547730238571913,0.2992147972038161
9,layout_40261357,8,0.9993743300437927,0.7013756899308483,sham_0_12_012_0123,0.8574057029764468,0.2979986232909305
9,layout_40612357,8,0.9993811845779419,0.702134623501089,sham_0_12_012_0123,0.8599037755680653,0.297246528596978
9,layout_40621357,8,0.9993733167648315,0.7014737330874361,sham_0_12_012_0123,0.8592952759226566,0.29789957954465146
9,layout_42013567,1,0.9993982911109924,0.840426721212163,sham_0_12_012_0123,0.840426721212163,0.15897156163334158
9,layout_42013657,5,0.9993982315063477,0.7530694215583383,sham_0_12_012_0123,0.838374198771543,0.24632880040195299
9,layout_42016357,8,0.9993980526924133,0.6908008033527071,sham_0_12_012_0123,0.8383804456207238,0.3085972663363432
9,layout_42061357,8,0.9993973970413208,0.6912895139134594,sham_0_12_012_0123,0.8400284207521749,0.30810791025263146
9,layout_42601357,8,0.9993984699249268,0.6919176118565176,sham_0_12_012_0123,0.8400550146361749,0.30748084386573993
9,layout_46012357,8,0.9993914365768433,0.7020028121371571,sham_0_12_012_0123,0.8600151242819206,0.29738864044679303
9,layout_46021357,8,0.9993839263916016,0.7013064692750153,sham_0_12_012_0123,0.8592011470813229,0.2980774311559695
9,layout_46201357,8,0.9993746280670166,0.6933052176926381,sham_0_12_012_0123,0.8483707718948845,0.3060694705610999
9,layout_60123457,5,0.9994070529937744,0.7103394559756384,sham_0_01_123_0123,0.8433168787501153,0.28906755825183383
9,layout_60124357,8,0.9994068145751953,0.7191895450621648,sham_0_12_012_0123,0.8583741038025448,0.2802172648564175
9,layout_60142357,8,0.9994068741798401,0.7199823515954442,sham_0_12_012_0123,0.8603683773754883,0.279424551921057
9,layout_60213457,5,0.9993934631347656,0.7096500178570083,sham_0_01_123_0123,0.842637523126381,0.2897434268259288
9,layout_60214357,8,0.9993932247161865,0.7194117751269788,sham_0_12_012_0123,0.8588813969412912,0.27998147281406444
9,layout_60241357,8,0.9993913173675537,0.7190153901141516,sham_0_12_012_0123,0.859075451587102,0.2803758813857654
9,layout_60412357,8,0.9994047284126282,0.7196201546220461,sham_0_12_012_0123,0.8603602432942276,0.27978458962306574
9,layout_60421357,8,0.9993962049484253,0.7196823127339329,sham_0_12_012_0123,0.8601104064762473,0.2797139071156537
9,layout_62013457,5,0.9994111657142639,0.7008381375499388,sham_0_01_123_0123,0.842563945450035,0.29857302589422624
9,layout_62014357,8,0.9994109869003296,0.7055824790449556,sham_0_01_123_0123,0.8427003670167,0.2938284994152631
9,layout_62041357,8,0.9994097352027893,0.7054605235437189,sham_0_01_123_0123,0.8423566890764272,0.2939492380271408
9,layout_62401357,8,0.9993977546691895,0.7005243070926381,sham_0_12_012_0123,0.838217483794893,0.29887341503846887
9,layout_64012357,8,0.9994010925292969,0.7100691436122073,sham_0_12_012_0123,0.8600333955324653,0.2893319429217005
9,layout_64021357,8,0.9993935227394104,0.7096431799704246,sham_0_12_012_0123,0.8593786466460974,0.2897503406153023
9,layout_64201357,8,0.999396026134491,0.7012197845353665,sham_0_12_012_0123,0.8487434836638366,0.29817622867702376
10,layout_01234657,2,0.9993954300880432,0.9839128015277963,sham_0_01_123_0123,0.9840401515250439,0.015482588105922623
10,layout_01236457,2,0.9993957281112671,0.9840177890246735,sham_0_01_123_0123,0.9841235125890144,0.015377941647730653
10,layout_01243567,1,0.9993952512741089,0.9348440540834488,sham_0_12_012_0123,0.9348440540834488,0.06455113345327135
10,layout_01243657,5,0.9993951320648193,0.9343624360658749,sham_0_01_123_0123,0.984035842398008,0.06503271672087184
10,layout_01246357,8,0.9993951320648193,0.9527828442414894,sham_0_13_012_0123,0.9926222262103701,0.04661226529696516
10,layout_01263457,5,0.9993956089019775,0.9839060049796524,sham_0_13_012_0123,0.9928415233193746,0.015489577088593356
10,layout_01264357,8,0.9993953704833984,0.9525037129139311,sham_0_13_012_0123,0.9926256835112077,0.04689167648695719
10,layout_01423567,1,0.9993952512741089,0.9382695884894829,sham_0_12_012_0123,0.9382695884894829,0.0611256025396969
10,layout_01423657,5,0.9993951320648193,0.9358045587351587,sham_0_01_123_0123,0.9827233756570166,0.06359059672914032
10,layout_01426357,8,0.9993951320648193,0.9537255183812778,sham_0_13_012_0123,0.9936078579584919,0.045669593310860235
10,layout_01462357,8,0.9993945360183716,0.9544494499078855,sham_0_13_012_0123,0.9945683556638185,0.044945053106742294
10,layout_01623457,5,0.9993946552276611,0.9839928557041744,sham_0_13_012_0123,0.9930306482565789,0.015401765937666444
10,layout_01624357,8,0.999394416809082,0.9531016753619529,sham_0_13_012_0123,0.9928208770051854,0.04629275797810481
10,layout_01642357,8,0.9993945360183716,0.9547258327017216,sham_0_13_012_0123,0.9945680998783586,0.04466866757714616
10,layout_02134657,2,0.9993942975997925,0.9838959131058518,sham_0_01_123_0123,0.9840238272170809,0.015498395145942645
10,layout_02136457,2,0.9993946552276611,0.9840018715567816,sham_0_01_123_0123,0.9841077186030296,0.015392823892373175
10,layout_02143567,1,0.9993941187858582,0.9335763998093767,sham_0_12_012_0123,0.9335763998093767,0.06581770378428198
10,layout_02143657,5,0.9993940591812134,0.9335841818244532,sham_0_01_123_0123,0.9840200641612233,0.06580988853263109
10,layout_02146357,8,0.9993940591812134,0.9522895652492911,sham_0_13_012_0123,0.992613139193564,0.04710446046251729
10,layout_02163457,5,0.9993945360183716,0.983897636607808,sham_0_13_012_0123,0.9928423880264943,0.01549690825812804
10,layout_02164357,8,0.9993942975997925,0.9520625413000163,sham_0_13_012_0123,0.9926163629875728,0.04733181020007013
10,layout_02413567,1,0.9993935823440552,0.9335313298339161,sham_0_12_012_0123,0.9335313298339161,0.06586227183508253
10,layout_02413657,5,0.9993935823440552,0.933409934538203,sham_0_01_123_0123,0.9838857706380006,0.06598363319572921
10,layout_02416357,8,0.9993934631347656,0.9521512560740872,sham_0_13_012_0123,0.992606553125156,0.047242267247399855
10,layout_02461357,8,0.9993934631347656,0.9521912605027869,sham_0_13_012_0123,0.9926064678686219,0.0472021777190999
10,layout_02613457,5,0.9993943572044373,0.9838977594744853,sham_0_13_012_0123,0.9928422628416809,0.015496592316639513
10,layout_02614357,8,0.9993941783905029,0.952018873453352,sham_0_13_012_0123,0.9926160227084291,0.04737528572862282
10,layout_02641357,8,0.9993937611579895,0.9519928968858947,sham_0_13_012_0123,0.9926095943772064,0.04740088604175996
10,layout_04123567,1,0.9993926882743835,0.9383628275006801,sham_0_12_012_0123,0.9383628275006801,0.06102982538344559
10,layout_04123657,5,0.9993926286697388,0.9356264195861366,sham_0_01_123_0123,0.9825183897147696,0.06376619482272528
10,layout_04126357,8,0.999392569065094,0.9535666923567494,sham_0_13_012_0123,0.9936033009670222,0.04582587781429007
10,layout_04162357,8,0.9993919134140015,0.9543017779932734,sham_0_13_012_0123,0.9945637832757404,0.04509016900654844
10,layout_04213567,1,0.9993922710418701,0.93817126731359,sham_0_12_012_0123,0.93817126731359,0.06122106059716481
10,layout_04213657,5,0.9993922710418701,0.9354338465127451,sham_0_01_123_0123,0.9823875677268825,0.06395844449435267
10,layout_04216357,8,0.9993922710418701,0.9534125231362991,sham_0_13_012_0123,0.993596793714089,0.04597972177033127
10,layout_04261357,8,0.9993921518325806,0.9534467881240345,sham_0_13_012_0123,0.9935966961610343,0.045945363126469435
10,layout_04612357,8,0.9993916749954224,0.9543287008705132,sham_0_13_012_0123,0.9945634367634675,0.045062960096862836
10,layout_04621357,8,0.9993915557861328,0.9540406833522403,sham_0_13_012_0123,0.9943857486273546,0.04535082598417908
10,layout_06123457,5,0.9993935823440552,0.9840011105416677,sham_0_13_012_0123,0.9930289815928268,0.01539251848493159
10,layout_06124357,8,0.9993934631347656,0.9531267140045007,sham_0_13_012_0123,0.9928192157230418,0.04626672072492641
10,layout_06142357,8,0.9993934631347656,0.9547392012186258,sham_0_13_012_0123,0.9945664410272121,0.04465429043789379
10,layout_06213457,5,0.9993930459022522,0.9838739862499873,sham_0_13_012_0123,0.9928320597770315,0.015519089920248506
10,layout_06214357,8,0.9993928670883179,0.9529335378928752,sham_0_13_012_0123,0.9926224865912665,0.04645934502792648
10,layout_06241357,8,0.9993925094604492,0.952998638037712,sham_0_13_012_0123,0.9926161688091777,0.046393865078102114
10,layout_06412357,8,0.9993924498558044,0.9547580531709293,sham_0_13_012_0123,0.9945644007219405,0.04463441868737095
10,layout_06421357,8,0.9993923902511597,0.9544985563967008,sham_0_13_012_0123,0.9943862842087428,0.0448937701752779
10,layout_20134657,2,0.9993926286697388,0.98388229577969,sham_0_01_123_0123,0.9840037371395225,0.015510307511508614
10,layout_20136457,2,0.9993928670883179,0.9839929020635482,sham_0_01_123_0123,0.9840922787443835,0.015399994943507411
10,layout_20143567,1,0.9993923902511597,0.9231091583782911,sham_0_12_012_0123,0.9231091583782911,0.07628325422461035
10,layout_20143657,5,0.9993923306465149,0.9273613659804539,sham_0_01_123_0123,0.9840054831213061,0.07203100954416755
10,layout_20146357,8,0.9993923306465149,0.9483230644099276,sham_0_13_012_0123,0.9923646695488022,0.0510692675753634
10,layout_20163457,5,0.9993927478790283,0.9841454498132844,sham_0_13_012_0123,0.9932636872142386,0.015247294107622976
10,layout_20164357,8,0.999392569065094,0.9484857720128285,sham_0_13_012_0123,0.9925409087251578,0.050906789601684904
10,layout_20413567,1,0.9993919134140015,0.9231861265324306,sham_0_12_012_0123,0.9231861265324306,0.0762057966604579
10,layout_20413657,5,0.9993919134140015,0.927284793062347,sham_0_01_123_0123,0.9839057088586147,0.07210709375075332
10,layout_20416357,8,0.9993918538093567,0.9482466543389285,sham_0_13_012_0123,0.9923389254206694,0.051145189284087456
10,layout_20461357,8,0.9993917942047119,0.9482527858229759,sham_0_13_012_0123,0.9923388190904587,0.051138973922800784
10,layout_20613457,5,0.999392569065094,0.9841454865703996,sham_0_13_012_0123,0.9932634235682922,0.015247063053335676
10,layout_20614357,8,0.9993923902511597,0.9484921614227728,sham_0_13_012_0123,0.9925407038970349,0.05090020548711477
10,layout_20641357,8,0.999392032623291,0.948416395617986,sham_0_13_012_0123,0.9923710911336854,0.050975601324008885
10,layout_24013567,1,0.9993926882743835,0.9224330284647952,sham_0_12_012_0123,0.9224330284647952,0.07695968309265266
10,layout_24013657,5,0.9993926882743835,0.927045054382297,sham_0_01_123_0123,0.9842656761323816,0.07234762294904637
10,layout_24016357,8,0.9993926286697388,0.9480924348986526,sham_0_13_012_0123,0.9922148161256366,0.05130019615760026
10,layout_24061357,8,0.999392569065094,0.9480989737736449,sham_0_13_012_0123,0.9922146866002757,0.051293571309892816
10,layout_24601357,8,0.9993916749954224,0.9481752002600062,sham_0_13_012_0123,0.9922225185872282,0.051216502267639685
10,layout_26013457,5,0.9993914365768433,0.9841274327432423,sham_0_13_012_0123,0.9932846269276074,0.015263987884701801
10,layout_26014357,8,0.9993912577629089,0.9486677413568108,sham_0_13_012_0123,0.992566321988156,0.05072351786128976
10,layout_26041357,8,0.9993909597396851,0.9485968327778573,sham_0_13_012_0123,0.992390793075467,0.05079408941788652
10,layout_26401357,8,0.9993915557861328,0.9482268074529598,sham_0_13_012_0123,0.9923480203100734,0.05116475543450755
10,layout_40123567,1,0.9993957281112671,0.9384207889917144,sham_0_12_012_0123,0.9384207889917144,0.06097498504539711
10,layout_40123657,5,0.9993957281112671,0.935613848014244,sham_0_01_123_0123,0.9817983999565474,0.06378188772222666
10,layout_40126357,8,0.9993956685066223,0.953293817595445,sham_0_13_012_0123,0.9936106681513255,0.046101870468951395
10,layout_40162357,8,0.9993950128555298,0.9540243850303503,sham_0_13_012_0123,0.9945713351206573,0.04537060838382076
10,layout_40213567,1,0.9993954300880432,0.9382340586398144,sham_0_12_012_0123,0.9382340586398144,0.06116139874762183
10,layout_40213657,5,0.9993954300880432,0.9354769490312097,sham_0_01_123_0123,0.9817302309497933,0.06391846778548685
10,layout_40216357,8,0.9993953704833984,0.9531986082051087,sham_0_13_012_0123,0.9936042116590023,0.04619675750526153
10,layout_40261357,8,0.9993952512741089,0.9532317545939435,sham_0_13_012_0123,0.9936041124519919,0.046163521825874965
10,layout_40612357,8,0.9993947148323059,0.9540396331409065,sham_0_13_012_0123,0.9945709826594433,0.04535506818722215
10,layout_40621357,8,0.9993945360183716,0.9537760175720698,sham_0_13_012_0123,0.9943671601412287,0.04561853055349527
10,layout_42013567,1,0.9993947148323059,0.9367056943173977,sham_0_12_012_0123,0.9367056943173977,0.06268904665014796
10,layout_42013657,5,0.9993947148323059,0.9341838668338344,sham_0_01_123_0123,0.9811157508882751,0.06521083391221758
10,layout_42016357,8,0.9993946552276611,0.9522588913611629,sham_0_13_012_0123,0.9936005355205495,0.04713576060686922
10,layout_42061357,8,0.9993945360183716,0.9522779633089529,sham_0_13_012_0123,0.9936004369003537,0.04711659529399123
10,layout_42601357,8,0.9993937015533447,0.9520647851077493,sham_0_13_012_0123,0.9936078946594076,0.04732894741207097
10,layout_46012357,8,0.9993925094604492,0.9541209490052196,sham_0_13_012_0123,0.9945719653465772,0.04527155038530434
10,layout_46021357,8,0.9993923902511597,0.9538510144712609,sham_0_13_012_0123,0.9943674060295156,0.04554135005211277
10,layout_46201357,8,0.9993921518325806,0.953246867203837,sham_0_13_012_0123,0.994454152189141,0.04614528590931205
10,layout_60123457,5,0.9993880987167358,0.9839327529977646,sham_0_13_012_0123,0.9930309588711121,0.015455345893594166
10,layout_60124357,8,0.9993879795074463,0.9531453051392851,sham_0_13_012_0123,0.9928233980796599,0.046242634495913565
10,layout_60142357,8,0.9993879795074463,0.9547795045672712,sham_0_13_012_0123,0.9945693283684447,0.04460850072616884
10,layout_60213457,5,0.9993876218795776,0.9838016101523426,sham_0_13_012_0123,0.9928325037837031,0.015585995196259406
10,layout_60214357,8,0.9993874430656433,0.9529609677796709,sham_0_13_012_0123,0.9926251150700374,0.04642647901126268
10,layout_60241357,8,0.9993871450424194,0.9530506949042066,sham_0_13_012_0123,0.9926189500532798,0.046336415679277654
10,layout_60412357,8,0.9993872046470642,0.9548183236094974,sham_0_13_012_0123,0.9945675258587543,0.044568868231881414
10,layout_60421357,8,0.9993870854377747,0.954535433309843,sham_0_13_012_0123,0.9943629047285727,0.044851639264038595
10,layout_62013457,5,0.9993879795074463,0.983787058081777,sham_0_13_012_0123,0.9928383611085674,0.015600949423554146
10,layout_62014357,8,0.9993878602981567,0.9513638172576354,sham_0_13_012_0123,0.9926237049489184,0.0480240371615476
10,layout_62041357,8,0.9993875622749329,0.9514089242947676,sham_0_13_012_0123,0.9926175127514449,0.04797859967952431
10,layout_62401357,8,0.9993882775306702,0.95107357416754,sham_0_13_012_0123,0.9925954203801541,0.04831469859010187
10,layout_64012357,8,0.9993883371353149,0.9547414501696769,sham_0_13_012_0123,0.9945720098775304,0.04464691123823261
10,layout_64021357,8,0.9993882179260254,0.9544638792791637,sham_0_13_012_0123,0.9943673612840873,0.04492436321049462
10,layout_64201357,8,0.9993880987167358,0.9538515001682644,sham_0_13_012_0123,0.9944542352693517,0.04553655722103225
11,layout_01234657,2,0.999377965927124,0.8848933103970971,sham_0_01_023_0123,0.8850619182517544,0.11448460122227933
11,layout_01236457,2,0.999377965927124,0.8888398328366862,sham_0_01_023_0123,0.8889013313077623,0.11053808268260346
11,layout_01243567,1,0.9993770122528076,0.9134702054316808,sham_0_12_012_0123,0.9134702054316808,0.08590680414357443
11,layout_01243657,5,0.9993768930435181,0.8379372046294449,sham_0_12_012_0123,0.9134236025350178,0.16143966588770847
11,layout_01246357,8,0.9993767738342285,0.8417757259645032,sham_0_12_012_0123,0.9135479399139439,0.157601027147798
11,layout_01263457,5,0.9993778467178345,0.8672841333105967,sham_0_13_012_0123,0.9101427554933625,0.13209367824981055
11,layout_01264357,8,0.9993773698806763,0.8455061655055548,sham_0_12_012_0123,0.9147921521418398,0.15387119203509736
11,layout_01423567,1,0.9993767142295837,0.9154785863131361,sham_0_12_012_0123,0.9154785863131361,0.08389812913880856
11,layout_01423657,5,0.9993765950202942,0.8376969584304518,sham_0_12_012_0123,0.9156855937860562,0.1616796215722659
11,layout_01426357,8,0.9993764162063599,0.8418647721250117,sham_0_12_012_0123,0.9156102722084967,0.1575116944891825
11,layout_01462357,8,0.9993767142295837,0.842125741732882,sham_0_12_012_0123,0.9172381064546622,0.15725098786352415
11,layout_01623457,5,0.9993778467178345,0.8691485670358889,sham_0_13_012_0123,0.9121869246734347,0.13022932624807426
11,layout_01624357,8,0.999377429485321,0.8470974735607172,sham_0_12_012_0123,0.9158839998160135,0.1522799655288679
11,layout_01642357,8,0.999377429485321,0.8459112784493694,sham_0_12_012_0123,0.9170780459866168,0.1534661284513792
11,layout_02134657,2,0.9993760585784912,0.8847568945806954,sham_0_01_023_0123,0.8849205576243927,0.11461918751369088
11,layout_02136457,2,0.999376118183136,0.8886983828324932,sham_0_01_023_0123,0.8887608816663748,0.11067774268480801
11,layout_02143567,1,0.9993749260902405,0.9115377595670493,sham_0_12_012_0123,0.9115377595670493,0.08783717024848148
11,layout_02143657,5,0.9993748068809509,0.8368440036849136,sham_0_12_012_0123,0.9114688790498837,0.1625307891097833
11,layout_02146357,8,0.9993746280670166,0.838270395844954,sham_0_12_012_0123,0.9116054135534601,0.16110428588952597
11,layout_02163457,5,0.9993760585784912,0.8626725784562523,sham_0_13_012_0123,0.9049594606471425,0.13670345171690035
11,layout_02164357,8,0.9993755221366882,0.8416363622209331,sham_0_12_012_0123,0.9121769831255127,0.15773914617874718
11,layout_02413567,1,0.9993683695793152,0.9111970830655798,sham_0_12_012_0123,0.9111970830655798,0.08817124186845948
11,layout_02413657,5,0.9993681907653809,0.836480938926504,sham_0_12_012_0123,0.9111284499878693,0.16288728379488274
11,layout_02416357,8,0.9993680715560913,0.8375834877051167,sham_0_12_012_0123,0.9112666713663189,0.16178460061478106
11,layout_02461357,8,0.9993672966957092,0.8356999448690767,sham_0_12_012_0123,0.9112526296056518,0.1636673566578684
11,layout_02613457,5,0.9993757009506226,0.8628818154156133,sham_0_13_012_0123,0.9040824981007469,0.1364938927527592
11,layout_02614357,8,0.9993751049041748,0.8415849878503993,sham_0_12_012_0123,0.9116661476920438,0.15779013259522104
11,layout_02641357,8,0.9993733167648315,0.8410765927267317,sham_0_12_012_0123,0.9112932650793684,0.15829671868299505
11,layout_04123567,1,0.9992102384567261,0.9152331175960104,sham_0_12_012_0123,0.9152331175960104,0.08397713721706834
11,layout_04123657,5,0.9992101192474365,0.8351992536319286,sham_0_12_012_0123,0.9154397655276778,0.164010875394395
11,layout_04126357,8,0.999210000038147,0.838793360215675,sham_0_12_012_0123,0.9153659020850724,0.16041663615538934
11,layout_04162357,8,0.9992105960845947,0.8392597553292055,sham_0_12_012_0123,0.9170286594484911,0.15995078673867985
11,layout_04213567,1,0.9992064833641052,0.9137583168195165,sham_0_12_012_0123,0.9137583168195165,0.08544817684734474
11,layout_04213657,5,0.9992064237594604,0.8338035235545915,sham_0_12_012_0123,0.9138986415523584,0.16540285689836923
11,layout_04216357,8,0.9992062449455261,0.8363349236302079,sham_0_12_012_0123,0.9138185385957254,0.16287131916163475
11,layout_04261357,8,0.9992028474807739,0.8356772206545595,sham_0_12_012_0123,0.9138020695132059,0.16352559964323687
11,layout_04612357,8,0.9992007613182068,0.8389894545527534,sham_0_12_012_0123,0.9169125684574748,0.16021128592711079
11,layout_04621357,8,0.9991997480392456,0.8375196288955173,sham_0_12_012_0123,0.9162874465323787,0.16168004667519045
11,layout_06123457,5,0.9993769526481628,0.8697995684242731,sham_0_13_012_0123,0.9121756035976505,0.1295773928386236
11,layout_06124357,8,0.9993764758110046,0.8474600252162334,sham_0_12_012_0123,0.91574901558038,0.15191645187533975
11,layout_06142357,8,0.9993764162063599,0.8459522592240122,sham_0_12_012_0123,0.9170859538009024,0.15342417589983753
11,layout_06213457,5,0.9993761777877808,0.8665872622768831,sham_0_13_012_0123,0.9091849464489954,0.13278888774584335
11,layout_06214357,8,0.999375581741333,0.8449676774451602,sham_0_12_012_0123,0.9143198747374437,0.15440792292262429
11,layout_06241357,8,0.9993739128112793,0.8444195252945966,sham_0_12_012_0123,0.9139659817798327,0.15495435352340875
11,layout_06412357,8,0.9993751049041748,0.845467063399132,sham_0_12_012_0123,0.9168350833211512,0.1539080507600608
11,layout_06421357,8,0.9993744492530823,0.8441325443097649,sham_0_12_012_0123,0.9162225824616947,0.15524189987925086
11,layout_20134657,2,0.9993733167648315,0.8844460554692638,sham_0_01_023_0123,0.8845302201827213,0.1149272714819084
11,layout_20136457,2,0.999373197555542,0.8884382166676229,sham_0_01_023_0123,0.8884384823778387,0.1109350097589189
11,layout_20143567,1,0.9993723034858704,0.8933369897856069,sham_0_12_012_0123,0.8933369897856069,0.10603532825217865
11,layout_20143657,5,0.9993721842765808,0.8258634083869243,sham_0_12_012_0123,0.8933262772048804,0.17350877408521906
11,layout_20146357,8,0.999372124671936,0.824258893457981,sham_0_12_012_0123,0.8933116480773138,0.17511318895519318
11,layout_20163457,5,0.9993731379508972,0.8510786619467554,sham_0_01_023_0123,0.8887981305805339,0.14829448444425272
11,layout_20164357,8,0.9993726015090942,0.8274428669444425,sham_0_12_012_0123,0.8935127196969468,0.17192972606633322
11,layout_20413567,1,0.9993664622306824,0.8930838004909454,sham_0_12_012_0123,0.8930838004909454,0.10628269811952507
11,layout_20413657,5,0.9993664026260376,0.825541241224491,sham_0_12_012_0123,0.8930726470385495,0.17382514964359908
11,layout_20416357,8,0.999366283416748,0.8238289139030427,sham_0_12_012_0123,0.8930578730379994,0.175537358919911
11,layout_20461357,8,0.9993655681610107,0.8222540477686557,sham_0_12_012_0123,0.8930177814882301,0.1771114689367827
11,layout_20613457,5,0.9993728399276733,0.8514742645994153,sham_0_01_123_0123,0.8886680586068811,0.14789853405902634
11,layout_20614357,8,0.9993721842765808,0.8276046947205984,sham_0_12_012_0123,0.8933009994487202,0.17176748542323844
11,layout_20641357,8,0.9993702173233032,0.8272349003301283,sham_0_12_012_0123,0.8930179055944478,0.17213531676034438
11,layout_24013567,1,0.9993630647659302,0.8906243018057789,sham_0_12_012_0123,0.8906243018057789,0.10873881540525376
11,layout_24013657,5,0.9993629455566406,0.8219265746965585,sham_0_12_012_0123,0.8906225044487579,0.17743639664607594
11,layout_24016357,8,0.9993628859519958,0.8195309125079404,sham_0_12_012_0123,0.8905984080885645,0.17983197338584778
11,layout_24061357,8,0.9993621706962585,0.8181194768063076,sham_0_12_012_0123,0.8905747168522233,0.18124268300511837
11,layout_24601357,8,0.999361515045166,0.8175434600328599,sham_0_12_012_0123,0.8905518667221095,0.18181807427904179
11,layout_26013457,5,0.9993712902069092,0.8506959692031526,sham_0_01_123_0123,0.8884461733766814,0.1486753657654477
11,layout_26014357,8,0.9993705749511719,0.8270021284774,sham_0_12_012_0123,0.8929906112675168,0.17236847650892495
11,layout_26041357,8,0.9993683695793152,0.8266651831444868,sham_0_12_012_0123,0.8927349035653038,0.1727032068657174
11,layout_26401357,8,0.9993658065795898,0.8230321799103377,sham_0_12_012_0123,0.8923483053975727,0.1763336594983729
11,layout_40123567,1,0.9993700385093689,0.9153512496913683,sham_0_12_012_0123,0.9153512496913683,0.08401878654790185
11,layout_40123657,5,0.9993698596954346,0.8265494964694289,sham_0_12_012_0123,0.9155557274842572,0.1728203877896386
11,layout_40126357,8,0.9993698000907898,0.8286273441473997,sham_0_12_012_0123,0.915480948721155,0.1707424392377915
11,layout_40162357,8,0.9993699789047241,0.8296166205104155,sham_0_12_012_0123,0.917148936147115,0.16975336654338108
11,layout_40213567,1,0.9993678331375122,0.9138783495668403,sham_0_12_012_0123,0.9138783495668403,0.08548948572435533
11,layout_40213657,5,0.9993676543235779,0.8254772456065118,sham_0_12_012_0123,0.9140177088581698,0.1738904399745799
11,layout_40216357,8,0.9993675947189331,0.8268085553208586,sham_0_12_012_0123,0.9139367058488759,0.17255903410117726
11,layout_40261357,8,0.9993667006492615,0.8265248529754843,sham_0_12_012_0123,0.9139202959223192,0.17284184872151515
11,layout_40612357,8,0.99936842918396,0.8291950787302783,sham_0_12_012_0123,0.917033803867684,0.17017334783433694
11,layout_40621357,8,0.9993676543235779,0.8283351112144309,sham_0_12_012_0123,0.9163924999232362,0.17103251790522975
11,layout_42013567,1,0.9993669986724854,0.9071978391203572,sham_0_12_012_0123,0.9071978391203572,0.09216919872588392
11,layout_42013657,5,0.9993668794631958,0.8213973532439827,sham_0_12_012_0123,0.9071779892202323,0.17796953017733416
11,layout_42016357,8,0.9993667602539062,0.8204950670574631,sham_0_12_012_0123,0.9072095527770432,0.17887171840036023
11,layout_42061357,8,0.9993658661842346,0.8203755227513222,sham_0_12_012_0123,0.9071807373611107,0.17899031462012027
11,layout_42601357,8,0.9993650913238525,0.8203785162223818,sham_0_12_012_0123,0.9072289352282881,0.17898661520654913
11,layout_46012357,8,0.9993659853935242,0.8285893057691094,sham_0_12_012_0123,0.9170606045405019,0.17077668893764056
11,layout_46021357,8,0.9993652105331421,0.8277148409222697,sham_0_12_012_0123,0.9164275561499458,0.17165037019294904
11,layout_46201357,8,0.9993631839752197,0.8242726671223208,sham_0_12_012_0123,0.9115882023584758,0.1750905268064089
11,layout_60123457,5,0.9993765950202942,0.8696572028538774,sham_0_13_012_0123,0.912028367519097,0.12971936207305615
11,layout_60124357,8,0.9993760585784912,0.8473624838349949,sham_0_12_012_0123,0.9157930062908788,0.15201356880631492
11,layout_60142357,8,0.9993759989738464,0.8458721606737805,sham_0_12_012_0123,0.9171155926548589,0.15350384499394698
11,layout_60213457,5,0.9993757009506226,0.8664739428078507,sham_0_13_012_0123,0.9090633726266748,0.13290175482493516
11,layout_60214357,8,0.9993751049041748,0.8448883541272293,sham_0_12_012_0123,0.9143684952390396,0.15448676410649986
11,layout_60241357,8,0.9993733167648315,0.8443451457157389,sham_0_12_012_0123,0.9140122627093672,0.15502817762655835
11,layout_60412357,8,0.9993746280670166,0.8453942084057228,sham_0_12_012_0123,0.916857436572617,0.15398041872997126
11,layout_60421357,8,0.9993739128112793,0.8440202287728281,sham_0_12_012_0123,0.9162590944805986,0.15535371302586634
11,layout_62013457,5,0.9993723630905151,0.8595050183148509,sham_0_13_012_0123,0.8992296953850649,0.1398673370340453
11,layout_62014357,8,0.9993717074394226,0.83761948596765,sham_0_12_012_0123,0.9068903351473185,0.16175224923682685
11,layout_62041357,8,0.9993696212768555,0.8372080690851973,sham_0_12_012_0123,0.9065599257451042,0.16216155399609572
11,layout_62401357,8,0.9993671178817749,0.8334046163880481,sham_0_12_012_0123,0.9062762825753992,0.16596245580071298
11,layout_64012357,8,0.9993723630905151,0.8410167483885265,sham_0_12_012_0123,0.9169333405200262,0.15835559293232357
11,layout_64021357,8,0.9993715882301331,0.8399574833206626,sham_0_12_012_0123,0.9163519552410402,0.15941409175453913
11,layout_64201357,8,0.9993687868118286,0.8356523561933793,sham_0_12_012_0123,0.911552734621345,0.16371650128254975
