seed,layout,row_index,query_pair,target,predicted,target_probability,native_target_probability,l1_key_max_error_native
7,layout_04612357,576,0,3,10,0.0373816080391407,0.9990831613540649,1.8212144374847412
7,layout_04621357,576,0,3,10,0.03738176450133324,0.9990831613540649,1.8212144374847412
7,layout_06123457,576,0,3,10,0.00867504719644785,0.9990831613540649,2.219259262084961
7,layout_06124357,576,0,3,10,0.008675063960254192,0.9990831613540649,2.219259262084961
7,layout_06142357,576,0,3,10,0.008674475364387035,0.9990831613540649,2.219259262084961
7,layout_06213457,576,0,3,10,0.008674710988998413,0.9990831613540649,2.219259262084961
7,layout_06214357,576,0,3,10,0.00867476873099804,0.9990831613540649,2.219259262084961
7,layout_06241357,576,0,3,10,0.008674644865095615,0.9990831613540649,2.219259262084961
7,layout_06412357,576,0,3,10,0.008674446493387222,0.9990831613540649,2.219259262084961
7,layout_06421357,576,0,3,10,0.00867445021867752,0.9990831613540649,2.219259262084961
7,layout_40612357,576,0,3,10,0.03459220752120018,0.9990831613540649,3.9844138622283936
7,layout_40621357,576,0,3,10,0.03459235653281212,0.9990831613540649,3.9844138622283936
7,layout_46012357,770,2,3,4,0.01356783788651228,0.999534010887146,3.8503665924072266
7,layout_46021357,770,2,3,4,0.013567695394158363,0.999534010887146,3.8503665924072266
7,layout_46201357,770,2,3,4,0.013567757792770863,0.999534010887146,3.8503665924072266
