seed,condition,diagnostic,head,mean_attention
0,native,l1_true_key_attention,0,0.9854597189114429
0,native,l1_true_key_attention,1,0.7126023630262353
0,native,l1_true_key_attention,2,0.724109425325878
0,native,l1_true_key_attention,3,0.9780878213350661
0,native,l2_correct_value_attention,0,0.9509981846349547
0,native,l2_correct_value_attention,1,0.9534602966741659
0,native,l2_correct_value_attention,2,0.9675982861081138
0,native,l2_correct_value_attention,3,0.9538364306208678
0,grouped_canonical,l1_true_key_attention,0,0.30006563538336195
0,grouped_canonical,l1_true_key_attention,1,0.33188391071598744
0,grouped_canonical,l1_true_key_attention,2,0.373810925266298
0,grouped_canonical,l1_true_key_attention,3,0.5827366866142256
0,grouped_canonical,l2_correct_value_attention,0,0.3831179956749655
0,grouped_canonical,l2_correct_value_attention,1,0.3803912338595074
0,grouped_canonical,l2_correct_value_attention,2,0.3919123539935216
0,grouped_canonical,l2_correct_value_attention,3,0.3871793866307935
0,grouped_noop,l1_true_key_attention,0,0.30006563538336195
0,grouped_noop,l1_true_key_attention,1,0.33188391071598744
0,grouped_noop,l1_true_key_attention,2,0.373810925266298
0,grouped_noop,l1_true_key_attention,3,0.5827366866142256
0,grouped_noop,l2_correct_value_attention,0,0.3831179956749655
0,grouped_noop,l2_correct_value_attention,1,0.3803912338595074
0,grouped_noop,l2_correct_value_attention,2,0.3919123539935216
0,grouped_noop,l2_correct_value_attention,3,0.3871793866307935
0,restore_keys,l1_true_key_attention,0,0.30006563538336195
0,restore_keys,l1_true_key_attention,1,0.33188391071598744
0,restore_keys,l1_true_key_attention,2,0.373810925266298
0,restore_keys,l1_true_key_attention,3,0.5827366866142256
0,restore_keys,l2_correct_value_attention,0,0.3942918578923325
0,restore_keys,l2_correct_value_attention,1,0.39167540652182764
0,restore_keys,l2_correct_value_attention,2,0.4050017322832655
0,restore_keys,l2_correct_value_attention,3,0.39852536748214984
0,guard_restore_keys,l1_true_key_attention,0,0.9854597206285689
0,guard_restore_keys,l1_true_key_attention,1,0.712602363404585
0,guard_restore_keys,l1_true_key_attention,2,0.7241094239288941
0,guard_restore_keys,l1_true_key_attention,3,0.97808782273205
0,guard_restore_keys,l2_correct_value_attention,0,0.9509981857263483
0,guard_restore_keys,l2_correct_value_attention,1,0.9534602933417773
0,guard_restore_keys,l2_correct_value_attention,2,0.9675982892222237
0,guard_restore_keys,l2_correct_value_attention,3,0.9538364296458894
0,restore_values,l1_true_key_attention,0,0.30006563538336195
0,restore_values,l1_true_key_attention,1,0.33188391071598744
0,restore_values,l1_true_key_attention,2,0.373810925266298
0,restore_values,l1_true_key_attention,3,0.5827366866142256
0,restore_values,l2_correct_value_attention,0,0.9451205153163755
0,restore_values,l2_correct_value_attention,1,0.9491116979479557
0,restore_values,l2_correct_value_attention,2,0.9649218109552749
0,restore_values,l2_correct_value_attention,3,0.9504152959270868
0,guard_a0_b0,l1_true_key_attention,0,0.7843393631046638
0,guard_a0_b0,l1_true_key_attention,1,0.6600763898313744
0,guard_a0_b0,l1_true_key_attention,2,0.6810372947365977
0,guard_a0_b0,l1_true_key_attention,3,0.9615024185040966
0,guard_a0_b0,l2_correct_value_attention,0,0.8476377438419318
0,guard_a0_b0,l2_correct_value_attention,1,0.850658919723592
0,guard_a0_b0,l2_correct_value_attention,2,0.8722819645651171
0,guard_a0_b0,l2_correct_value_attention,3,0.8556568578369131
0,guard_a0_b1,l1_true_key_attention,0,0.7843410976347513
0,guard_a0_b1,l1_true_key_attention,1,0.6550612686842214
0,guard_a0_b1,l1_true_key_attention,2,0.6734166777459905
0,guard_a0_b1,l1_true_key_attention,3,0.9594554399955086
0,guard_a0_b1,l2_correct_value_attention,0,0.8468908555066494
0,guard_a0_b1,l2_correct_value_attention,1,0.8499853659348001
0,guard_a0_b1,l2_correct_value_attention,2,0.8712166418247054
0,guard_a0_b1,l2_correct_value_attention,3,0.854874737691295
0,guard_a0_b3,l1_true_key_attention,0,0.9854597206285689
0,guard_a0_b3,l1_true_key_attention,1,0.712602363404585
0,guard_a0_b3,l1_true_key_attention,2,0.7241094239288941
0,guard_a0_b3,l1_true_key_attention,3,0.97808782273205
0,guard_a0_b3,l2_correct_value_attention,0,0.9451205175573705
0,guard_a0_b3,l2_correct_value_attention,1,0.9491116985009285
0,guard_a0_b3,l2_correct_value_attention,2,0.9649218112608651
0,guard_a0_b3,l2_correct_value_attention,3,0.9504152973968303
0,guard_a2_b0,l1_true_key_attention,0,0.634599983895896
0,guard_a2_b0,l1_true_key_attention,1,0.6346677488472778
0,guard_a2_b0,l1_true_key_attention,2,0.6617992459214292
0,guard_a2_b0,l1_true_key_attention,3,0.9591420289361849
0,guard_a2_b0,l2_correct_value_attention,0,0.7721347445955694
0,guard_a2_b0,l2_correct_value_attention,1,0.7784940884822672
0,guard_a2_b0,l2_correct_value_attention,2,0.8014694767998046
0,guard_a2_b0,l2_correct_value_attention,3,0.7855386078421
0,guard_a2_b1,l1_true_key_attention,0,0.6346017204341479
0,guard_a2_b1,l1_true_key_attention,1,0.6296526279329555
0,guard_a2_b1,l1_true_key_attention,2,0.6541786294837948
0,guard_a2_b1,l1_true_key_attention,3,0.9570950499328319
0,guard_a2_b1,l2_correct_value_attention,0,0.7711645293288952
0,guard_a2_b1,l2_correct_value_attention,1,0.7776917338830013
0,guard_a2_b1,l2_correct_value_attention,2,0.8005221409747258
0,guard_a2_b1,l2_correct_value_attention,3,0.7846963377150388
0,guard_a2_b3,l1_true_key_attention,0,0.835720342118293
0,guard_a2_b3,l1_true_key_attention,1,0.6871937219257234
0,guard_a2_b3,l1_true_key_attention,2,0.7048713754629716
0,guard_a2_b3,l1_true_key_attention,3,0.9757274326402694
0,guard_a2_b3,l2_correct_value_attention,0,0.880832412576858
0,guard_a2_b3,l2_correct_value_attention,1,0.888370696809045
0,guard_a2_b3,l2_correct_value_attention,2,0.9056548375432665
0,guard_a2_b3,l2_correct_value_attention,3,0.8897453978872105
0,guard_a3_b0,l1_true_key_attention,0,0.5460754383675521
0,guard_a3_b0,l1_true_key_attention,1,0.5488897309842287
0,guard_a3_b0,l1_true_key_attention,2,0.5892913367133588
0,guard_a3_b0,l1_true_key_attention,3,0.8151105637953151
0,guard_a3_b0,l2_correct_value_attention,0,0.6408994311550832
0,guard_a3_b0,l2_correct_value_attention,1,0.6366272791645293
0,guard_a3_b0,l2_correct_value_attention,2,0.6554230924396081
0,guard_a3_b0,l2_correct_value_attention,3,0.6440001892922511
0,guard_a3_b1,l1_true_key_attention,0,0.5460771735088201
0,guard_a3_b1,l1_true_key_attention,1,0.5438746102881851
0,guard_a3_b1,l1_true_key_attention,2,0.5816707198246149
0,guard_a3_b1,l1_true_key_attention,3,0.8130635845300276
0,guard_a3_b1,l2_correct_value_attention,0,0.6405685851803433
0,guard_a3_b1,l2_correct_value_attention,1,0.6360658574818897
0,guard_a3_b1,l2_correct_value_attention,2,0.6546750909729897
0,guard_a3_b1,l2_correct_value_attention,3,0.6433912013257946
0,guard_a3_b3,l1_true_key_attention,0,0.7471957956149708
0,guard_a3_b3,l1_true_key_attention,1,0.6014157048484776
0,guard_a3_b3,l1_true_key_attention,2,0.6323634657892399
0,guard_a3_b3,l1_true_key_attention,3,0.8316959683143068
0,guard_a3_b3,l2_correct_value_attention,0,0.7202172577691505
0,guard_a3_b3,l2_correct_value_attention,1,0.7170742557291296
0,guard_a3_b3,l2_correct_value_attention,2,0.7323916753330835
0,guard_a3_b3,l2_correct_value_attention,3,0.7233392388289277
1,native,l1_true_key_attention,0,0.99044367307215
1,native,l1_true_key_attention,1,0.9844268840388395
1,native,l1_true_key_attention,2,0.9182751350745093
1,native,l1_true_key_attention,3,0.6875396472751163
1,native,l2_correct_value_attention,0,0.9573562335426686
1,native,l2_correct_value_attention,1,0.9225074079004116
1,native,l2_correct_value_attention,2,0.9616499066032702
1,native,l2_correct_value_attention,3,0.9631490096653579
1,grouped_canonical,l1_true_key_attention,0,0.5549847300426336
1,grouped_canonical,l1_true_key_attention,1,0.5054417096544057
1,grouped_canonical,l1_true_key_attention,2,0.5448130845907144
1,grouped_canonical,l1_true_key_attention,3,0.3706347784755053
1,grouped_canonical,l2_correct_value_attention,0,0.4749881787549671
1,grouped_canonical,l2_correct_value_attention,1,0.4496882182294341
1,grouped_canonical,l2_correct_value_attention,2,0.4804887632593165
1,grouped_canonical,l2_correct_value_attention,3,0.47655907922969176
1,grouped_noop,l1_true_key_attention,0,0.5549847300426336
1,grouped_noop,l1_true_key_attention,1,0.5054417096544057
1,grouped_noop,l1_true_key_attention,2,0.5448130845907144
1,grouped_noop,l1_true_key_attention,3,0.3706347784755053
1,grouped_noop,l2_correct_value_attention,0,0.4749881787549671
1,grouped_noop,l2_correct_value_attention,1,0.4496882182294341
1,grouped_noop,l2_correct_value_attention,2,0.4804887632593165
1,grouped_noop,l2_correct_value_attention,3,0.47655907922969176
1,restore_keys,l1_true_key_attention,0,0.5549847300426336
1,restore_keys,l1_true_key_attention,1,0.5054417096544057
1,restore_keys,l1_true_key_attention,2,0.5448130845907144
1,restore_keys,l1_true_key_attention,3,0.3706347784755053
1,restore_keys,l2_correct_value_attention,0,0.4773084018253847
1,restore_keys,l2_correct_value_attention,1,0.4539023592606787
1,restore_keys,l2_correct_value_attention,2,0.48235006804748193
1,restore_keys,l2_correct_value_attention,3,0.4789241367104931
1,guard_restore_keys,l1_true_key_attention,0,0.9904436693759635
1,guard_restore_keys,l1_true_key_attention,1,0.9844268852612004
1,guard_restore_keys,l1_true_key_attention,2,0.9182751364132855
1,guard_restore_keys,l1_true_key_attention,3,0.6875396468676627
1,guard_restore_keys,l2_correct_value_attention,0,0.9573562340228818
1,guard_restore_keys,l2_correct_value_attention,1,0.9225074065543595
1,guard_restore_keys,l2_correct_value_attention,2,0.961649909731932
1,guard_restore_keys,l2_correct_value_attention,3,0.963149012051872
1,restore_values,l1_true_key_attention,0,0.5549847300426336
1,restore_values,l1_true_key_attention,1,0.5054417096544057
1,restore_values,l1_true_key_attention,2,0.5448130845907144
1,restore_values,l1_true_key_attention,3,0.3706347784755053
1,restore_values,l2_correct_value_attention,0,0.9526615336508257
1,restore_values,l2_correct_value_attention,1,0.9140180676840828
1,restore_values,l2_correct_value_attention,2,0.9578602633409901
1,restore_values,l2_correct_value_attention,3,0.9590040034527192
1,guard_a0_b0,l1_true_key_attention,0,0.9893446627538651
1,guard_a0_b0,l1_true_key_attention,1,0.972581097157672
1,guard_a0_b0,l1_true_key_attention,2,0.9099087357753888
1,guard_a0_b0,l1_true_key_attention,3,0.6663728445710149
1,guard_a0_b0,l2_correct_value_attention,0,0.9505160338740097
1,guard_a0_b0,l2_correct_value_attention,1,0.9105289464714588
1,guard_a0_b0,l2_correct_value_attention,2,0.9563429864938371
1,guard_a0_b0,l2_correct_value_attention,3,0.9560059561845264
1,guard_a0_b1,l1_true_key_attention,0,0.9907599696016405
1,guard_a0_b1,l1_true_key_attention,1,0.9734747071925085
1,guard_a0_b1,l1_true_key_attention,2,0.9185030770895537
1,guard_a0_b1,l1_true_key_attention,3,0.676583226013463
1,guard_a0_b1,l2_correct_value_attention,0,0.9510517008166062
1,guard_a0_b1,l2_correct_value_attention,1,0.9111989652956254
1,guard_a0_b1,l2_correct_value_attention,2,0.9570212824037299
1,guard_a0_b1,l2_correct_value_attention,3,0.9566199906839756
1,guard_a0_b3,l1_true_key_attention,0,0.9904436693759635
1,guard_a0_b3,l1_true_key_attention,1,0.9844268852612004
1,guard_a0_b3,l1_true_key_attention,2,0.9182751364132855
1,guard_a0_b3,l1_true_key_attention,3,0.6875396468676627
1,guard_a0_b3,l2_correct_value_attention,0,0.9526615320355631
1,guard_a0_b3,l2_correct_value_attention,1,0.9140180648610112
1,guard_a0_b3,l2_correct_value_attention,2,0.9578602617111756
1,guard_a0_b3,l2_correct_value_attention,3,0.9590040033945115
1,guard_a2_b0,l1_true_key_attention,0,0.8350812604476232
1,guard_a2_b0,l1_true_key_attention,1,0.7719444769900292
1,guard_a2_b0,l1_true_key_attention,2,0.7276242956286296
1,guard_a2_b0,l1_true_key_attention,3,0.5814142170420382
1,guard_a2_b0,l2_correct_value_attention,0,0.7432237499184303
1,guard_a2_b0,l2_correct_value_attention,1,0.7055499120907861
1,guard_a2_b0,l2_correct_value_attention,2,0.7508757193097979
1,guard_a2_b0,l2_correct_value_attention,3,0.7474565359258212
1,guard_a2_b1,l1_true_key_attention,0,0.8364965684886556
1,guard_a2_b1,l1_true_key_attention,1,0.7728380861226469
1,guard_a2_b1,l1_true_key_attention,2,0.73621863531298
1,guard_a2_b1,l1_true_key_attention,3,0.5916245986009017
1,guard_a2_b1,l2_correct_value_attention,0,0.7459120912770427
1,guard_a2_b1,l2_correct_value_attention,1,0.7076438058784101
1,guard_a2_b1,l2_correct_value_attention,2,0.7533417948341246
1,guard_a2_b1,l2_correct_value_attention,3,0.749686506907408
1,guard_a2_b3,l1_true_key_attention,0,0.8361802689032629
1,guard_a2_b3,l1_true_key_attention,1,0.7837902655010112
1,guard_a2_b3,l1_true_key_attention,2,0.7359906981582753
1,guard_a2_b3,l1_true_key_attention,3,0.6025810193823418
1,guard_a2_b3,l2_correct_value_attention,0,0.7503863925493166
1,guard_a2_b3,l2_correct_value_attention,1,0.7131644066097949
1,guard_a2_b3,l2_correct_value_attention,2,0.7590969281546294
1,guard_a2_b3,l2_correct_value_attention,3,0.7551704200246405
1,guard_a3_b0,l1_true_key_attention,0,0.8427109492768068
1,guard_a3_b0,l1_true_key_attention,1,0.7592971918638796
1,guard_a3_b0,l1_true_key_attention,2,0.8580369503179099
1,guard_a3_b0,l1_true_key_attention,3,0.6105847821454518
1,guard_a3_b0,l2_correct_value_attention,0,0.8084618140889966
1,guard_a3_b0,l2_correct_value_attention,1,0.7675019586075623
1,guard_a3_b0,l2_correct_value_attention,2,0.812110737028766
1,guard_a3_b0,l2_correct_value_attention,3,0.8109635236269127
1,guard_a3_b1,l1_true_key_attention,0,0.8441262569103856
1,guard_a3_b1,l1_true_key_attention,1,0.7601908007927705
1,guard_a3_b1,l1_true_key_attention,2,0.8666312915447634
1,guard_a3_b1,l1_true_key_attention,3,0.6207951630640309
1,guard_a3_b1,l2_correct_value_attention,0,0.8104022624136188
1,guard_a3_b1,l2_correct_value_attention,1,0.7690063454822922
1,guard_a3_b1,l2_correct_value_attention,2,0.8138411704665913
1,guard_a3_b1,l2_correct_value_attention,3,0.8126670357621916
1,guard_a3_b3,l1_true_key_attention,0,0.8438099581107963
1,guard_a3_b3,l1_true_key_attention,1,0.7711429810151458
1,guard_a3_b3,l1_true_key_attention,2,0.8664033523236867
1,guard_a3_b3,l1_true_key_attention,3,0.6317515833652578
1,guard_a3_b3,l2_correct_value_attention,0,0.8099114438775956
1,guard_a3_b3,l2_correct_value_attention,1,0.7700423580401821
1,guard_a3_b3,l2_correct_value_attention,2,0.8133417704511674
1,guard_a3_b3,l2_correct_value_attention,3,0.8128653254207293
2,native,l1_true_key_attention,0,0.9652736849093344
2,native,l1_true_key_attention,1,0.9835001275641844
2,native,l1_true_key_attention,2,0.957076741149649
2,native,l1_true_key_attention,3,0.5351030584424734
2,native,l2_correct_value_attention,0,0.9104744594151271
2,native,l2_correct_value_attention,1,0.8456760860863142
2,native,l2_correct_value_attention,2,0.9598869924375322
2,native,l2_correct_value_attention,3,0.9811560117232148
2,grouped_canonical,l1_true_key_attention,0,0.3098908258325537
2,grouped_canonical,l1_true_key_attention,1,0.3091340979153756
2,grouped_canonical,l1_true_key_attention,2,0.26985704894468654
2,grouped_canonical,l1_true_key_attention,3,0.2160187367189792
2,grouped_canonical,l2_correct_value_attention,0,0.19490538504892868
2,grouped_canonical,l2_correct_value_attention,1,0.186037985679969
2,grouped_canonical,l2_correct_value_attention,2,0.2028857640658808
2,grouped_canonical,l2_correct_value_attention,3,0.2127914737364461
2,grouped_noop,l1_true_key_attention,0,0.3098908258325537
2,grouped_noop,l1_true_key_attention,1,0.3091340979153756
2,grouped_noop,l1_true_key_attention,2,0.26985704894468654
2,grouped_noop,l1_true_key_attention,3,0.2160187367189792
2,grouped_noop,l2_correct_value_attention,0,0.19490538504892868
2,grouped_noop,l2_correct_value_attention,1,0.186037985679969
2,grouped_noop,l2_correct_value_attention,2,0.2028857640658808
2,grouped_noop,l2_correct_value_attention,3,0.2127914737364461
2,restore_keys,l1_true_key_attention,0,0.3098908258325537
2,restore_keys,l1_true_key_attention,1,0.3091340979153756
2,restore_keys,l1_true_key_attention,2,0.26985704894468654
2,restore_keys,l1_true_key_attention,3,0.2160187367189792
2,restore_keys,l2_correct_value_attention,0,0.19873834128586737
2,restore_keys,l2_correct_value_attention,1,0.19040190589844616
2,restore_keys,l2_correct_value_attention,2,0.2069978581039297
2,restore_keys,l2_correct_value_attention,3,0.21641913857456693
2,guard_restore_keys,l1_true_key_attention,0,0.9652736850257497
2,guard_restore_keys,l1_true_key_attention,1,0.9835001250903588
2,guard_restore_keys,l1_true_key_attention,2,0.9570767411205452
2,guard_restore_keys,l1_true_key_attention,3,0.535103058515233
2,guard_restore_keys,l2_correct_value_attention,0,0.9104744600190315
2,guard_restore_keys,l2_correct_value_attention,1,0.8456760863118689
2,guard_restore_keys,l2_correct_value_attention,2,0.9598869936889969
2,guard_restore_keys,l2_correct_value_attention,3,0.981156014779117
2,restore_values,l1_true_key_attention,0,0.3098908258325537
2,restore_values,l1_true_key_attention,1,0.3091340979153756
2,restore_values,l1_true_key_attention,2,0.26985704894468654
2,restore_values,l1_true_key_attention,3,0.2160187367189792
2,restore_values,l2_correct_value_attention,0,0.9056329114246182
2,restore_values,l2_correct_value_attention,1,0.8380364664844819
2,restore_values,l2_correct_value_attention,2,0.9562580855417764
2,restore_values,l2_correct_value_attention,3,0.9791665842931252
2,guard_a0_b0,l1_true_key_attention,0,0.7751207826950122
2,guard_a0_b0,l1_true_key_attention,1,0.7984792218194343
2,guard_a0_b0,l1_true_key_attention,2,0.747932723199483
2,guard_a0_b0,l1_true_key_attention,3,0.4948806683823932
2,guard_a0_b0,l2_correct_value_attention,0,0.680818530323555
2,guard_a0_b0,l2_correct_value_attention,1,0.6265829781641339
2,guard_a0_b0,l2_correct_value_attention,2,0.720838782797754
2,guard_a0_b0,l2_correct_value_attention,3,0.7439937383355759
2,guard_a0_b1,l1_true_key_attention,0,0.7753703019407112
2,guard_a0_b1,l1_true_key_attention,1,0.7985904890520032
2,guard_a0_b1,l1_true_key_attention,2,0.7480216234689578
2,guard_a0_b1,l1_true_key_attention,3,0.4963031266524922
2,guard_a0_b1,l2_correct_value_attention,0,0.6808743726500006
2,guard_a0_b1,l2_correct_value_attention,1,0.6265728655821419
2,guard_a0_b1,l2_correct_value_attention,2,0.7207979305419658
2,guard_a0_b1,l2_correct_value_attention,3,0.7440696839102001
2,guard_a0_b3,l1_true_key_attention,0,0.9652736850257497
2,guard_a0_b3,l1_true_key_attention,1,0.9835001250903588
2,guard_a0_b3,l1_true_key_attention,2,0.9570767411205452
2,guard_a0_b3,l1_true_key_attention,3,0.535103058515233
2,guard_a0_b3,l2_correct_value_attention,0,0.9056329127342906
2,guard_a0_b3,l2_correct_value_attention,1,0.8380364675431338
2,guard_a0_b3,l2_correct_value_attention,2,0.9562580867350334
2,guard_a0_b3,l2_correct_value_attention,3,0.979166584846098
2,guard_a2_b0,l1_true_key_attention,0,0.5492696257133503
2,guard_a2_b0,l1_true_key_attention,1,0.6032700369833037
2,guard_a2_b0,l1_true_key_attention,2,0.5417026330396766
2,guard_a2_b0,l1_true_key_attention,3,0.4408473472140031
2,guard_a2_b0,l2_correct_value_attention,0,0.47021583500807207
2,guard_a2_b0,l2_correct_value_attention,1,0.43357779573307975
2,guard_a2_b0,l2_correct_value_attention,2,0.4938512576129936
2,guard_a2_b0,l2_correct_value_attention,3,0.5097501405095592
2,guard_a2_b1,l1_true_key_attention,0,0.5495191456429893
2,guard_a2_b1,l1_true_key_attention,1,0.6033813055837527
2,guard_a2_b1,l1_true_key_attention,2,0.5417915326543152
2,guard_a2_b1,l1_true_key_attention,3,0.44226980532403104
2,guard_a2_b1,l2_correct_value_attention,0,0.4702763744511061
2,guard_a2_b1,l2_correct_value_attention,1,0.4335437849275357
2,guard_a2_b1,l2_correct_value_attention,2,0.49393240722237675
2,guard_a2_b1,l2_correct_value_attention,3,0.509956245518143
2,guard_a2_b3,l1_true_key_attention,0,0.7394225298194215
2,guard_a2_b3,l1_true_key_attention,1,0.7882909415056929
2,guard_a2_b3,l1_true_key_attention,2,0.7508466487342957
2,guard_a2_b3,l1_true_key_attention,3,0.48106973712856416
2,guard_a2_b3,l2_correct_value_attention,0,0.6543317698520064
2,guard_a2_b3,l2_correct_value_attention,1,0.6068240571508593
2,guard_a2_b3,l2_correct_value_attention,2,0.6879992862529634
2,guard_a2_b3,l2_correct_value_attention,3,0.7094091501104531
2,guard_a3_b0,l1_true_key_attention,0,0.5356536294566467
2,guard_a3_b0,l1_true_key_attention,1,0.5543513852753676
2,guard_a3_b0,l1_true_key_attention,2,0.5062266577733681
2,guard_a3_b0,l1_true_key_attention,3,0.4326812598592369
2,guard_a3_b0,l2_correct_value_attention,0,0.4240969328180749
2,guard_a3_b0,l2_correct_value_attention,1,0.3897903153424462
2,guard_a3_b0,l2_correct_value_attention,2,0.4449246714370173
2,guard_a3_b0,l2_correct_value_attention,3,0.4638664091759219
2,guard_a3_b1,l1_true_key_attention,0,0.5359031486441381
2,guard_a3_b1,l1_true_key_attention,1,0.5544626526825596
2,guard_a3_b1,l1_true_key_attention,2,0.5063155578682199
2,guard_a3_b1,l1_true_key_attention,3,0.43410371770733036
2,guard_a3_b1,l2_correct_value_attention,0,0.42433326208467675
2,guard_a3_b1,l2_correct_value_attention,1,0.39000471639114886
2,guard_a3_b1,l2_correct_value_attention,2,0.44531921640322336
2,guard_a3_b1,l2_correct_value_attention,3,0.464386117917782
2,guard_a3_b3,l1_true_key_attention,0,0.7258065336500295
2,guard_a3_b3,l1_true_key_attention,1,0.7393722881679423
2,guard_a3_b3,l1_true_key_attention,2,0.7153706757235341
2,guard_a3_b3,l1_true_key_attention,3,0.4729036500357324
2,guard_a3_b3,l2_correct_value_attention,0,0.610833282708539
2,guard_a3_b3,l2_correct_value_attention,1,0.5666793190774876
2,guard_a3_b3,l2_correct_value_attention,2,0.633945238345874
2,guard_a3_b3,l2_correct_value_attention,3,0.6548969179124772
3,native,l1_true_key_attention,0,0.9863633718050551
3,native,l1_true_key_attention,1,0.897124774142867
3,native,l1_true_key_attention,2,0.7359716564533301
3,native,l1_true_key_attention,3,0.8989926584181376
3,native,l2_correct_value_attention,0,0.9355946231662529
3,native,l2_correct_value_attention,1,0.9259697725865408
3,native,l2_correct_value_attention,2,0.9681701556401094
3,native,l2_correct_value_attention,3,0.9587683306162944
3,grouped_canonical,l1_true_key_attention,0,0.40101538514136337
3,grouped_canonical,l1_true_key_attention,1,0.3992303440463729
3,grouped_canonical,l1_true_key_attention,2,0.3119311968694092
3,grouped_canonical,l1_true_key_attention,3,0.47354299353901297
3,grouped_canonical,l2_correct_value_attention,0,0.32731079892263953
3,grouped_canonical,l2_correct_value_attention,1,0.32617724604924564
3,grouped_canonical,l2_correct_value_attention,2,0.3357123557964863
3,grouped_canonical,l2_correct_value_attention,3,0.3294604090196593
3,grouped_noop,l1_true_key_attention,0,0.40101538514136337
3,grouped_noop,l1_true_key_attention,1,0.3992303440463729
3,grouped_noop,l1_true_key_attention,2,0.3119311968694092
3,grouped_noop,l1_true_key_attention,3,0.47354299353901297
3,grouped_noop,l2_correct_value_attention,0,0.32731079892263953
3,grouped_noop,l2_correct_value_attention,1,0.32617724604924564
3,grouped_noop,l2_correct_value_attention,2,0.3357123557964863
3,grouped_noop,l2_correct_value_attention,3,0.3294604090196593
3,restore_keys,l1_true_key_attention,0,0.40101538514136337
3,restore_keys,l1_true_key_attention,1,0.3992303440463729
3,restore_keys,l1_true_key_attention,2,0.3119311968694092
3,restore_keys,l1_true_key_attention,3,0.47354299353901297
3,restore_keys,l2_correct_value_attention,0,0.33116922591345244
3,restore_keys,l2_correct_value_attention,1,0.3293103919606903
3,restore_keys,l2_correct_value_attention,2,0.3393115116137055
3,restore_keys,l2_correct_value_attention,3,0.332110424433236
3,guard_restore_keys,l1_true_key_attention,0,0.986363370437175
3,guard_restore_keys,l1_true_key_attention,1,0.8971247753070202
3,guard_restore_keys,l1_true_key_attention,2,0.7359716563369147
3,guard_restore_keys,l1_true_key_attention,3,0.8989926593203563
3,guard_restore_keys,l2_correct_value_attention,0,0.9355946236682939
3,guard_restore_keys,l2_correct_value_attention,1,0.925969775802514
3,guard_restore_keys,l2_correct_value_attention,2,0.9681701549998252
3,guard_restore_keys,l2_correct_value_attention,3,0.9587683259887854
3,restore_values,l1_true_key_attention,0,0.40101538514136337
3,restore_values,l1_true_key_attention,1,0.3992303440463729
3,restore_values,l1_true_key_attention,2,0.3119311968694092
3,restore_values,l1_true_key_attention,3,0.47354299353901297
3,restore_values,l2_correct_value_attention,0,0.9327357675429084
3,restore_values,l2_correct_value_attention,1,0.9230615219566971
3,restore_values,l2_correct_value_attention,2,0.9666936906578485
3,restore_values,l2_correct_value_attention,3,0.957373410477885
3,guard_a0_b0,l1_true_key_attention,0,0.8474320580426138
3,guard_a0_b0,l1_true_key_attention,1,0.7980701126507483
3,guard_a0_b0,l1_true_key_attention,2,0.6115354212961392
3,guard_a0_b0,l1_true_key_attention,3,0.8795441440597642
3,guard_a0_b0,l2_correct_value_attention,0,0.8175968297045023
3,guard_a0_b0,l2_correct_value_attention,1,0.8125377844693178
3,guard_a0_b0,l2_correct_value_attention,2,0.8554908986976877
3,guard_a0_b0,l2_correct_value_attention,3,0.848152858946386
3,guard_a0_b1,l1_true_key_attention,0,0.8478083294758108
3,guard_a0_b1,l1_true_key_attention,1,0.8015929239045363
3,guard_a0_b1,l1_true_key_attention,2,0.6133374033524888
3,guard_a0_b1,l1_true_key_attention,3,0.8873871155665256
3,guard_a0_b1,l2_correct_value_attention,0,0.8185962550689091
3,guard_a0_b1,l2_correct_value_attention,1,0.8136209578231068
3,guard_a0_b1,l2_correct_value_attention,2,0.8565076605057949
3,guard_a0_b1,l2_correct_value_attention,3,0.8490313114266479
3,guard_a0_b3,l1_true_key_attention,0,0.986363370437175
3,guard_a0_b3,l1_true_key_attention,1,0.8971247753070202
3,guard_a0_b3,l1_true_key_attention,2,0.7359716563369147
3,guard_a0_b3,l1_true_key_attention,3,0.8989926593203563
3,guard_a0_b3,l2_correct_value_attention,0,0.932735769500141
3,guard_a0_b3,l2_correct_value_attention,1,0.923061522320495
3,guard_a0_b3,l2_correct_value_attention,2,0.9666936910216464
3,guard_a0_b3,l2_correct_value_attention,3,0.9573734095465625
3,guard_a2_b0,l1_true_key_attention,0,0.6457279918249696
3,guard_a2_b0,l1_true_key_attention,1,0.6397313565539662
3,guard_a2_b0,l1_true_key_attention,2,0.5117274747753982
3,guard_a2_b0,l1_true_key_attention,3,0.7048886551347096
3,guard_a2_b0,l2_correct_value_attention,0,0.5683850712834995
3,guard_a2_b0,l2_correct_value_attention,1,0.5699835211111515
3,guard_a2_b0,l2_correct_value_attention,2,0.5924413647482102
3,guard_a2_b0,l2_correct_value_attention,3,0.5852317005757163
3,guard_a2_b1,l1_true_key_attention,0,0.6461042638984509
3,guard_a2_b1,l1_true_key_attention,1,0.6432541670801584
3,guard_a2_b1,l1_true_key_attention,2,0.5135294570645783
3,guard_a2_b1,l1_true_key_attention,3,0.7127316267869901
3,guard_a2_b1,l2_correct_value_attention,0,0.5697941039422351
3,guard_a2_b1,l2_correct_value_attention,1,0.5715999698380211
3,guard_a2_b1,l2_correct_value_attention,2,0.5941726969288049
3,guard_a2_b1,l2_correct_value_attention,3,0.5866442487462286
3,guard_a2_b3,l1_true_key_attention,0,0.7846593036374543
3,guard_a2_b3,l1_true_key_attention,1,0.738786018016981
3,guard_a2_b3,l1_true_key_attention,2,0.6361637101508677
3,guard_a2_b3,l1_true_key_attention,3,0.7243371701333672
3,guard_a2_b3,l2_correct_value_attention,0,0.6896000838306804
3,guard_a2_b3,l2_correct_value_attention,1,0.6889793878001281
3,guard_a2_b3,l2_correct_value_attention,2,0.7224026885652235
3,guard_a2_b3,l2_correct_value_attention,3,0.7127017167939618
3,guard_a3_b0,l1_true_key_attention,0,0.7908331283542793
3,guard_a3_b0,l1_true_key_attention,1,0.7018072982318699
3,guard_a3_b0,l1_true_key_attention,2,0.4845392710121814
3,guard_a3_b0,l1_true_key_attention,3,0.8665586331917439
3,guard_a3_b0,l2_correct_value_attention,0,0.7745950038702547
3,guard_a3_b0,l2_correct_value_attention,1,0.7703810177997572
3,guard_a3_b0,l2_correct_value_attention,2,0.8168080819153634
3,guard_a3_b0,l2_correct_value_attention,3,0.8076665927122206
3,guard_a3_b1,l1_true_key_attention,0,0.791209401038941
3,guard_a3_b1,l1_true_key_attention,1,0.7053301086707506
3,guard_a3_b1,l1_true_key_attention,2,0.486341253403225
3,guard_a3_b1,l1_true_key_attention,3,0.8744016049895436
3,guard_a3_b1,l2_correct_value_attention,0,0.7757300964025435
3,guard_a3_b1,l2_correct_value_attention,1,0.7715938732076406
3,guard_a3_b1,l2_correct_value_attention,2,0.81801936865805
3,guard_a3_b1,l2_correct_value_attention,3,0.8086886643664275
3,guard_a3_b3,l1_true_key_attention,0,0.9297644412727095
3,guard_a3_b3,l1_true_key_attention,1,0.8008619588217698
3,guard_a3_b3,l1_true_key_attention,2,0.6089755065913778
3,guard_a3_b3,l1_true_key_attention,3,0.8860071495291777
3,guard_a3_b3,l2_correct_value_attention,0,0.8835920868384459
3,guard_a3_b3,l2_correct_value_attention,1,0.8737710911900394
3,guard_a3_b3,l2_correct_value_attention,2,0.9200659262516105
3,guard_a3_b3,l2_correct_value_attention,3,0.9085643799839711
4,native,l1_true_key_attention,0,0.43129093923198525
4,native,l1_true_key_attention,1,0.5860940568963997
4,native,l1_true_key_attention,2,0.987620694359066
4,native,l1_true_key_attention,3,0.453211465923232
4,native,l2_correct_value_attention,0,0.9392183072195621
4,native,l2_correct_value_attention,1,0.965701409149915
4,native,l2_correct_value_attention,2,0.958404188932036
4,native,l2_correct_value_attention,3,0.9476904639304848
4,grouped_canonical,l1_true_key_attention,0,0.221960056151147
4,grouped_canonical,l1_true_key_attention,1,0.3039606146630831
4,grouped_canonical,l1_true_key_attention,2,0.31811002700123936
4,grouped_canonical,l1_true_key_attention,3,0.21743896367843263
4,grouped_canonical,l2_correct_value_attention,0,0.24879853826656195
4,grouped_canonical,l2_correct_value_attention,1,0.25583000591118016
4,grouped_canonical,l2_correct_value_attention,2,0.2477838464868872
4,grouped_canonical,l2_correct_value_attention,3,0.24574958106185144
4,grouped_noop,l1_true_key_attention,0,0.221960056151147
4,grouped_noop,l1_true_key_attention,1,0.3039606146630831
4,grouped_noop,l1_true_key_attention,2,0.31811002700123936
4,grouped_noop,l1_true_key_attention,3,0.21743896367843263
4,grouped_noop,l2_correct_value_attention,0,0.24879853826656195
4,grouped_noop,l2_correct_value_attention,1,0.25583000591118016
4,grouped_noop,l2_correct_value_attention,2,0.2477838464868872
4,grouped_noop,l2_correct_value_attention,3,0.24574958106185144
4,restore_keys,l1_true_key_attention,0,0.221960056151147
4,restore_keys,l1_true_key_attention,1,0.3039606146630831
4,restore_keys,l1_true_key_attention,2,0.31811002700123936
4,restore_keys,l1_true_key_attention,3,0.21743896367843263
4,restore_keys,l2_correct_value_attention,0,0.256448807823988
4,restore_keys,l2_correct_value_attention,1,0.2639802246633947
4,restore_keys,l2_correct_value_attention,2,0.25626231854066983
4,restore_keys,l2_correct_value_attention,3,0.25285282031527295
4,guard_restore_keys,l1_true_key_attention,0,0.43129093953757547
4,guard_restore_keys,l1_true_key_attention,1,0.5860940564889461
4,guard_restore_keys,l1_true_key_attention,2,0.9876206937478855
4,guard_restore_keys,l1_true_key_attention,3,0.45321146566129755
4,guard_restore_keys,l2_correct_value_attention,0,0.9392183077870868
4,guard_restore_keys,l2_correct_value_attention,1,0.9657014105468988
4,guard_restore_keys,l2_correct_value_attention,2,0.9584041933921981
4,guard_restore_keys,l2_correct_value_attention,3,0.9476904616458341
4,restore_values,l1_true_key_attention,0,0.221960056151147
4,restore_values,l1_true_key_attention,1,0.3039606146630831
4,restore_values,l1_true_key_attention,2,0.31811002700123936
4,restore_values,l1_true_key_attention,3,0.21743896367843263
4,restore_values,l2_correct_value_attention,0,0.9350972413812997
4,restore_values,l2_correct_value_attention,1,0.9627624014538014
4,restore_values,l2_correct_value_attention,2,0.953916902311903
4,restore_values,l2_correct_value_attention,3,0.9440328041528119
4,guard_a0_b0,l1_true_key_attention,0,0.4222831414808752
4,guard_a0_b0,l1_true_key_attention,1,0.5713280883646803
4,guard_a0_b0,l1_true_key_attention,2,0.8028501245134976
4,guard_a0_b0,l1_true_key_attention,3,0.4481841117521981
4,guard_a0_b0,l2_correct_value_attention,0,0.7359874613690375
4,guard_a0_b0,l2_correct_value_attention,1,0.7611299487576297
4,guard_a0_b0,l2_correct_value_attention,2,0.7522388595434176
4,guard_a0_b0,l2_correct_value_attention,3,0.7439525068651959
4,guard_a0_b1,l1_true_key_attention,0,0.42660223788698204
4,guard_a0_b1,l1_true_key_attention,1,0.577841213249485
4,guard_a0_b1,l1_true_key_attention,2,0.8028622871206608
4,guard_a0_b1,l1_true_key_attention,3,0.45412860973738134
4,guard_a0_b1,l2_correct_value_attention,0,0.7370916886603874
4,guard_a0_b1,l2_correct_value_attention,1,0.7613922074518731
4,guard_a0_b1,l2_correct_value_attention,2,0.7542121038351314
4,guard_a0_b1,l2_correct_value_attention,3,0.7451695500037604
4,guard_a0_b3,l1_true_key_attention,0,0.43129093953757547
4,guard_a0_b3,l1_true_key_attention,1,0.5860940564889461
4,guard_a0_b3,l1_true_key_attention,2,0.9876206937478855
4,guard_a0_b3,l1_true_key_attention,3,0.45321146566129755
4,guard_a0_b3,l2_correct_value_attention,0,0.9350972410320537
4,guard_a0_b3,l2_correct_value_attention,1,0.9627624018030474
4,guard_a0_b3,l2_correct_value_attention,2,0.9539169017589302
4,guard_a0_b3,l2_correct_value_attention,3,0.9440328037599102
4,guard_a2_b0,l1_true_key_attention,0,0.40737856505438685
4,guard_a2_b0,l1_true_key_attention,1,0.5658220572659047
4,guard_a2_b0,l1_true_key_attention,2,0.6895904957491439
4,guard_a2_b0,l1_true_key_attention,3,0.42451938705926295
4,guard_a2_b0,l2_correct_value_attention,0,0.6241067816313688
4,guard_a2_b0,l2_correct_value_attention,1,0.649792054016739
4,guard_a2_b0,l2_correct_value_attention,2,0.6384265550490146
4,guard_a2_b0,l2_correct_value_attention,3,0.63488046676659
4,guard_a2_b1,l1_true_key_attention,0,0.41169766199891455
4,guard_a2_b1,l1_true_key_attention,1,0.5723351814231137
4,guard_a2_b1,l1_true_key_attention,2,0.6896026567119407
4,guard_a2_b1,l1_true_key_attention,3,0.4304638851317577
4,guard_a2_b1,l2_correct_value_attention,0,0.6258687661658349
4,guard_a2_b1,l2_correct_value_attention,1,0.6505050971798256
4,guard_a2_b1,l2_correct_value_attention,2,0.6411328117487954
4,guard_a2_b1,l2_correct_value_attention,3,0.6368454794740454
4,guard_a2_b3,l1_true_key_attention,0,0.41638636312563904
4,guard_a2_b3,l1_true_key_attention,1,0.5805880250409245
4,guard_a2_b3,l1_true_key_attention,2,0.8743610649835318
4,guard_a2_b3,l1_true_key_attention,3,0.42954674061911646
4,guard_a2_b3,l2_correct_value_attention,0,0.8263446718092069
4,guard_a2_b3,l2_correct_value_attention,1,0.8563141202279199
4,guard_a2_b3,l2_correct_value_attention,2,0.8472879478423505
4,guard_a2_b3,l2_correct_value_attention,3,0.839220491854118
4,guard_a3_b0,l1_true_key_attention,0,0.3944043620140292
4,guard_a3_b0,l1_true_key_attention,1,0.5071389107615687
4,guard_a3_b0,l1_true_key_attention,2,0.5614561780384975
4,guard_a3_b0,l1_true_key_attention,3,0.4263049886067165
4,guard_a3_b0,l2_correct_value_attention,0,0.4822174116981466
4,guard_a3_b0,l2_correct_value_attention,1,0.4987722960063279
4,guard_a3_b0,l2_correct_value_attention,2,0.48979016088887567
4,guard_a3_b0,l2_correct_value_attention,3,0.4851862600845548
4,guard_a3_b1,l1_true_key_attention,0,0.39872345807089005
4,guard_a3_b1,l1_true_key_attention,1,0.5136520359374117
4,guard_a3_b1,l1_true_key_attention,2,0.5614683393068844
4,guard_a3_b1,l1_true_key_attention,3,0.43224948627175763
4,guard_a3_b1,l2_correct_value_attention,0,0.4825788711672252
4,guard_a3_b1,l2_correct_value_attention,1,0.49976577098470226
4,guard_a3_b1,l2_correct_value_attention,2,0.49136401433036925
4,guard_a3_b1,l2_correct_value_attention,3,0.4862993240033634
4,guard_a3_b3,l1_true_key_attention,0,0.40341216025990434
4,guard_a3_b3,l1_true_key_attention,1,0.5219048788276268
4,guard_a3_b3,l1_true_key_attention,2,0.7462267473747488
4,guard_a3_b3,l1_true_key_attention,3,0.43133234216657
4,guard_a3_b3,l2_correct_value_attention,0,0.6435384532478667
4,guard_a3_b3,l2_correct_value_attention,1,0.6634492230647682
4,guard_a3_b3,l2_correct_value_attention,2,0.6529533609346393
4,guard_a3_b3,l2_correct_value_attention,3,0.644920926749865
5,native,l1_true_key_attention,0,0.525753731970326
5,native,l1_true_key_attention,1,0.9917361034604255
5,native,l1_true_key_attention,2,0.9412969199474901
5,native,l1_true_key_attention,3,0.9175687977694906
5,native,l2_correct_value_attention,0,0.9264420963663724
5,native,l2_correct_value_attention,1,0.9689161805436015
5,native,l2_correct_value_attention,2,0.9059326336573577
5,native,l2_correct_value_attention,3,0.9032464154079207
5,grouped_canonical,l1_true_key_attention,0,0.2980719283950748
5,grouped_canonical,l1_true_key_attention,1,0.49031069363991264
5,grouped_canonical,l1_true_key_attention,2,0.4077747189439833
5,grouped_canonical,l1_true_key_attention,3,0.5288508826051839
5,grouped_canonical,l2_correct_value_attention,0,0.4227757864508517
5,grouped_canonical,l2_correct_value_attention,1,0.4556251898516941
5,grouped_canonical,l2_correct_value_attention,2,0.41186498806722605
5,grouped_canonical,l2_correct_value_attention,3,0.40676259205636994
5,grouped_noop,l1_true_key_attention,0,0.2980719283950748
5,grouped_noop,l1_true_key_attention,1,0.49031069363991264
5,grouped_noop,l1_true_key_attention,2,0.4077747189439833
5,grouped_noop,l1_true_key_attention,3,0.5288508826051839
5,grouped_noop,l2_correct_value_attention,0,0.4227757864508517
5,grouped_noop,l2_correct_value_attention,1,0.4556251898516941
5,grouped_noop,l2_correct_value_attention,2,0.41186498806722605
5,grouped_noop,l2_correct_value_attention,3,0.40676259205636994
5,restore_keys,l1_true_key_attention,0,0.2980719283950748
5,restore_keys,l1_true_key_attention,1,0.49031069363991264
5,restore_keys,l1_true_key_attention,2,0.4077747189439833
5,restore_keys,l1_true_key_attention,3,0.5288508826051839
5,restore_keys,l2_correct_value_attention,0,0.4397526893130925
5,restore_keys,l2_correct_value_attention,1,0.47244015830083247
5,restore_keys,l2_correct_value_attention,2,0.4279795305546405
5,restore_keys,l2_correct_value_attention,3,0.42393532369960596
5,guard_restore_keys,l1_true_key_attention,0,0.5257537317520473
5,guard_restore_keys,l1_true_key_attention,1,0.9917361058469396
5,guard_restore_keys,l1_true_key_attention,2,0.9412969202385284
5,guard_restore_keys,l1_true_key_attention,3,0.9175687985261902
5,guard_restore_keys,l2_correct_value_attention,0,0.9264421025218326
5,guard_restore_keys,l2_correct_value_attention,1,0.9689161834248807
5,guard_restore_keys,l2_correct_value_attention,2,0.9059326347633032
5,guard_restore_keys,l2_correct_value_attention,3,0.9032464150368469
5,restore_values,l1_true_key_attention,0,0.2980719283950748
5,restore_values,l1_true_key_attention,1,0.49031069363991264
5,restore_values,l1_true_key_attention,2,0.4077747189439833
5,restore_values,l1_true_key_attention,3,0.5288508826051839
5,restore_values,l2_correct_value_attention,0,0.912368715456978
5,restore_values,l2_correct_value_attention,1,0.9614366272726329
5,restore_values,l2_correct_value_attention,2,0.8925681341497693
5,restore_values,l2_correct_value_attention,3,0.8897755471116398
5,guard_a0_b0,l1_true_key_attention,0,0.5208607421227498
5,guard_a0_b0,l1_true_key_attention,1,0.9241458404285368
5,guard_a0_b0,l1_true_key_attention,2,0.8244427292956971
5,guard_a0_b0,l1_true_key_attention,3,0.8332897022773977
5,guard_a0_b0,l2_correct_value_attention,0,0.8353912771456313
5,guard_a0_b0,l2_correct_value_attention,1,0.886489994508206
5,guard_a0_b0,l2_correct_value_attention,2,0.8157712965825517
5,guard_a0_b0,l2_correct_value_attention,3,0.8143787886362954
5,guard_a0_b1,l1_true_key_attention,0,0.5150080881139729
5,guard_a0_b1,l1_true_key_attention,1,0.9239059591200203
5,guard_a0_b1,l1_true_key_attention,2,0.8249022359668743
5,guard_a0_b1,l1_true_key_attention,3,0.8317898988316301
5,guard_a0_b1,l2_correct_value_attention,0,0.8352515036539422
5,guard_a0_b1,l2_correct_value_attention,1,0.8863999977270318
5,guard_a0_b1,l2_correct_value_attention,2,0.8157151115321604
5,guard_a0_b1,l2_correct_value_attention,3,0.8142128046839464
5,guard_a0_b3,l1_true_key_attention,0,0.5257537317520473
5,guard_a0_b3,l1_true_key_attention,1,0.9917361058469396
5,guard_a0_b3,l1_true_key_attention,2,0.9412969202385284
5,guard_a0_b3,l1_true_key_attention,3,0.9175687985261902
5,guard_a0_b3,l2_correct_value_attention,0,0.9123687187893665
5,guard_a0_b3,l2_correct_value_attention,1,0.9614366269670427
5,guard_a0_b3,l2_correct_value_attention,2,0.8925681343971519
5,guard_a0_b3,l2_correct_value_attention,3,0.8897755488724215
5,guard_a2_b0,l1_true_key_attention,0,0.5084114092314849
5,guard_a2_b0,l1_true_key_attention,1,0.8966902514512185
5,guard_a2_b0,l1_true_key_attention,2,0.7115621157572605
5,guard_a2_b0,l1_true_key_attention,3,0.8193038839672226
5,guard_a2_b0,l2_correct_value_attention,0,0.8020650090249348
5,guard_a2_b0,l2_correct_value_attention,1,0.853961845356966
5,guard_a2_b0,l2_correct_value_attention,2,0.7832411819847781
5,guard_a2_b0,l2_correct_value_attention,3,0.7806683165341829
5,guard_a2_b1,l1_true_key_attention,0,0.5025587556592654
5,guard_a2_b1,l1_true_key_attention,1,0.8964503717725165
5,guard_a2_b1,l1_true_key_attention,2,0.712021621351596
5,guard_a2_b1,l1_true_key_attention,3,0.8178040809289087
5,guard_a2_b1,l2_correct_value_attention,0,0.8019311842214005
5,guard_a2_b1,l2_correct_value_attention,1,0.8537958322117778
5,guard_a2_b1,l2_correct_value_attention,2,0.7831387438557346
5,guard_a2_b1,l2_correct_value_attention,3,0.7804897143652829
5,guard_a2_b3,l1_true_key_attention,0,0.5133043981477385
5,guard_a2_b3,l1_true_key_attention,1,0.9642805160256103
5,guard_a2_b3,l1_true_key_attention,2,0.8284163070202339
5,guard_a2_b3,l1_true_key_attention,3,0.9035829797503538
5,guard_a2_b3,l2_correct_value_attention,0,0.8828343529024423
5,guard_a2_b3,l2_correct_value_attention,1,0.9354862369984749
5,guard_a2_b3,l2_correct_value_attention,2,0.8634294002623548
5,guard_a2_b3,l2_correct_value_attention,3,0.8592854675757877
5,guard_a3_b0,l1_true_key_attention,0,0.5048832174070412
5,guard_a3_b0,l1_true_key_attention,1,0.7347889734373894
5,guard_a3_b0,l1_true_key_attention,2,0.6431094968429534
5,guard_a3_b0,l1_true_key_attention,3,0.7470949364069384
5,guard_a3_b0,l2_correct_value_attention,0,0.6484999421401356
5,guard_a3_b0,l2_correct_value_attention,1,0.6950193098030965
5,guard_a3_b0,l2_correct_value_attention,2,0.632160163777005
5,guard_a3_b0,l2_correct_value_attention,3,0.6295591883468755
5,guard_a3_b1,l1_true_key_attention,0,0.4990305629762588
5,guard_a3_b1,l1_true_key_attention,1,0.7345490918669384
5,guard_a3_b1,l1_true_key_attention,2,0.6435690032958519
5,guard_a3_b1,l1_true_key_attention,3,0.745595131884329
5,guard_a3_b1,l2_correct_value_attention,0,0.6486479841725432
5,guard_a3_b1,l2_correct_value_attention,1,0.6954126477063299
5,guard_a3_b1,l2_correct_value_attention,2,0.632278283837233
5,guard_a3_b1,l2_correct_value_attention,3,0.629607635572626
5,guard_a3_b3,l1_true_key_attention,0,0.509776205959497
5,guard_a3_b3,l1_true_key_attention,1,0.8023792390304152
5,guard_a3_b3,l1_true_key_attention,2,0.7599636876548175
5,guard_a3_b3,l1_true_key_attention,3,0.8313740327430423
5,guard_a3_b3,l2_correct_value_attention,0,0.7106764150544214
5,guard_a3_b3,l2_correct_value_attention,1,0.7556443097753883
5,guard_a3_b3,l2_correct_value_attention,2,0.6949103851459667
5,guard_a3_b3,l2_correct_value_attention,3,0.6918753736013687
