seed,condition,family,oracle,probability,probability_ci95_low,probability_ci95_high,accuracy,wilson_low,wilson_high
0,native,reference,False,0.9992702880699653,0.9992505286361848,0.9992864759173244,1.0,0.9981277993949387,1.0
0,grouped_canonical,reference,False,0.5188170623765194,0.5028534863305579,0.534493896448959,0.533203125,0.5115541602743339,0.5547277639042363
0,grouped_noop,reference,False,0.5188170623765194,0.5028534863305579,0.534493896448959,0.533203125,0.5115541602743339,0.5547277639042363
0,restore_keys,oracle,True,0.5300980385176624,0.5138290777419287,0.5453224296833483,0.54931640625,0.5276949032269513,0.5707532488618072
0,guard_restore_keys,oracle,True,0.999270288128173,0.9992505285779771,0.9992864759231452,1.0,0.9981277993949387,1.0
0,restore_values,oracle,True,0.9992670611245558,0.9992473349040665,0.9992835446631944,1.0,0.9981277993949387,1.0
0,guard_a0_b0,matched_guard,False,0.9280209221674638,0.9182992062626617,0.9367860224651098,0.92919921875,0.9172684942370045,0.9395228491889241
0,guard_a0_b1,matched_guard,False,0.9280027377739786,0.9182498273226695,0.9368729997697549,0.93017578125,0.918313923317046,0.940426888467076
0,guard_a0_b3,matched_guard,False,0.9992670610663481,0.9992473349622741,0.9992835446064419,1.0,0.9981277993949387,1.0
0,guard_a2_b0,matched_guard,False,0.8692057000241733,0.8562010638883427,0.8814244703881083,0.873046875,0.8579264222596611,0.8867704905701564
0,guard_a2_b1,matched_guard,False,0.8685678519232207,0.8556846345853568,0.8808651128450286,0.8720703125,0.8569046230247117,0.8858428214469125
0,guard_a2_b3,matched_guard,False,0.9613450739239304,0.9538789897818291,0.9685458479114761,0.9638671875,0.9548772958437501,0.9711201742980387
0,guard_a3_b0,matched_guard,False,0.7514199257908003,0.7370513078546751,0.7653574070851704,0.755859375,0.7367868658998423,0.7739738439467864
0,guard_a3_b1,matched_guard,False,0.7529308607638949,0.738482794398253,0.7668329794680316,0.75830078125,0.7392868879027498,0.776347492839362
0,guard_a3_b3,matched_guard,False,0.8004708507961472,0.7889199915813733,0.812096039622129,0.80517578125,0.7874575850874684,0.8217512768479188
1,native,reference,False,0.9993186042120215,0.999308979028865,0.9993288183017285,1.0,0.9981277993949387,1.0
1,grouped_canonical,reference,False,0.5581188947463165,0.5445414380860023,0.5712956822830559,0.564453125,0.5428781507372855,0.5857867609034684
1,grouped_noop,reference,False,0.5581188947463165,0.5445414380860023,0.5712956822830559,0.564453125,0.5428781507372855,0.5857867609034684
1,restore_keys,oracle,True,0.5568924559605517,0.5436947003264785,0.5705224486369058,0.5634765625,0.5418979764140188,0.5848174668685417
1,guard_restore_keys,oracle,True,0.9993186040956061,0.9993089784613403,0.9993288186946302,1.0,0.9981277993949387,1.0
1,restore_values,oracle,True,0.9992934390029404,0.9992580858051952,0.9993170269961411,1.0,0.9981277993949387,1.0
1,guard_a0_b0,matched_guard,False,0.9989530757447938,0.9983076150776469,0.999293508061237,0.99951171875,0.9972392640467791,0.9999138011690629
1,guard_a0_b1,matched_guard,False,0.9989986851433059,0.9984427277144278,0.9992956045782193,0.99951171875,0.9972392640467791,0.9999138011690629
1,guard_a0_b3,matched_guard,False,0.9992934390029404,0.9992580859201553,0.9993170268215181,1.0,0.9981277993949387,1.0
1,guard_a2_b0,matched_guard,False,0.8182617996924602,0.8059414812569745,0.8299271444154361,0.8193359375,0.8020800722825344,0.8353960808466548
1,guard_a2_b1,matched_guard,False,0.8179501859525671,0.8055759870175858,0.8298937065965144,0.81982421875,0.8025849537081909,0.835865933600095
1,guard_a2_b3,matched_guard,False,0.8288171175383693,0.8172069450592556,0.8402805045289098,0.833984375,0.8172468124575023,0.8494713660445856
1,guard_a3_b0,matched_guard,False,0.8885060695094469,0.8788044503209478,0.8990257207836955,0.892578125,0.8784248196929808,0.9052614603007013
1,guard_a3_b1,matched_guard,False,0.8904120967528184,0.8806937361311202,0.9007843309103359,0.8955078125,0.8815107671613999,0.908023917906862
1,guard_a3_b3,matched_guard,False,0.8889966348007585,0.8792435823917335,0.8993583384597525,0.89404296875,0.8799673979248102,0.9066430846061619
2,native,reference,False,0.9993629840319045,0.9993557891531963,0.9993701372361101,1.0,0.9981277993949387,1.0
2,grouped_canonical,reference,False,0.28532634326112194,0.2705287637635477,0.30185131329530807,0.2890625,0.26983846627816405,0.3090763683520961
2,grouped_noop,reference,False,0.28532634326112194,0.2705287637635477,0.30185131329530807,0.2890625,0.26983846627816405,0.3090763683520961
2,restore_keys,oracle,True,0.2863946482557407,0.2712391633334132,0.302793665941688,0.29248046875,0.27318203734149754,0.312555936542439
2,guard_restore_keys,oracle,True,0.9993629837990738,0.9993557892055833,0.9993701369538031,1.0,0.9981277993949387,1.0
2,restore_values,oracle,True,0.9993609620141797,0.9993536049936665,0.99936825477198,1.0,0.9981277993949387,1.0
2,guard_a0_b0,matched_guard,False,0.8039373738673792,0.7935395586894696,0.8157677171526964,0.810546875,0.7929997873227456,0.8269311505827045
2,guard_a0_b1,matched_guard,False,0.8045058420762599,0.7941735793322935,0.816332174803511,0.81103515625,0.7935038776290878,0.8274017944554589
2,guard_a0_b3,matched_guard,False,0.9993609620141797,0.999353605111537,0.9993682547748903,1.0,0.9981277993949387,1.0
2,guard_a2_b0,matched_guard,False,0.5647489970540119,0.5531427296403187,0.5772072171034955,0.572265625,0.5507225917618013,0.5935380667444985
2,guard_a2_b1,matched_guard,False,0.5651836966895596,0.553622836404671,0.5774800921193607,0.572265625,0.5507225917618013,0.5935380667444985
2,guard_a2_b3,matched_guard,False,0.755803713589432,0.7430845000236926,0.7689205772949455,0.76171875,0.7427882971348352,0.779669222860953
2,guard_a3_b0,matched_guard,False,0.5244033521903821,0.5094546015910894,0.5392650434708888,0.53173828125,0.5100879419019431,0.5532697797393371
2,guard_a3_b1,matched_guard,False,0.5252964470804323,0.5105969904103911,0.540147406399844,0.533203125,0.5115541602743339,0.5547277639042363
2,guard_a3_b3,matched_guard,False,0.6802227720349664,0.667772500115074,0.6916403456168227,0.68359375,0.6631238571575158,0.7033761941828132
3,native,reference,False,0.9993269230180886,0.9993176654097624,0.9993359966683784,1.0,0.9981277993949387,1.0
3,grouped_canonical,reference,False,0.3865040691686077,0.3741376560157219,0.39955994646007426,0.38525390625,0.3644105844149597,0.4065268834973345
3,grouped_noop,reference,False,0.3865040691686077,0.3741376560157219,0.39955994646007426,0.38525390625,0.3644105844149597,0.4065268834973345
3,restore_keys,oracle,True,0.3882749403441198,0.37552946115641445,0.4014563891254332,0.38818359375,0.3673053566796241,0.40948051630724985
3,guard_restore_keys,oracle,True,0.9993269231927115,0.9993176658084849,0.9993359966712887,1.0,0.9981277993949387,1.0
3,restore_values,oracle,True,0.9993258418689948,0.9993166275744443,0.9993349100368505,1.0,0.9981277993949387,1.0
3,guard_a0_b0,matched_guard,False,0.9166200382074369,0.9070385371447796,0.9261750884457518,0.919921875,0.9073656123856932,0.9309057816373998
3,guard_a0_b1,matched_guard,False,0.9176550950598751,0.9081536638471277,0.9272411853812332,0.9208984375,0.9084057107386,0.9318151516426861
3,guard_a0_b3,matched_guard,False,0.9993258418689948,0.999316627686494,0.999334910147445,1.0,0.9981277993949387,1.0
3,guard_a2_b0,matched_guard,False,0.6327489528457679,0.6198464587756589,0.6455481694892955,0.63525390625,0.6141712587523355,0.6558301088574282
3,guard_a2_b1,matched_guard,False,0.6348169216315607,0.6221869059823711,0.6478288824342114,0.63916015625,0.6181183347715298,0.6596809062710067
3,guard_a2_b3,matched_guard,False,0.7961643399462626,0.7843224092039486,0.8077044704880927,0.80419921875,0.7864504543486605,0.8208089392285337
3,guard_a3_b0,matched_guard,False,0.9043459932984756,0.8925628091710834,0.9151336400067489,0.90966796875,0.8964739603974196,0.9213280158646443
3,guard_a3_b1,matched_guard,False,0.905449882462839,0.8940137545535398,0.9161761880496748,0.91015625,0.8969914616364504,0.9217852488047101
3,guard_a3_b3,matched_guard,False,0.9769657506406495,0.9711199471785944,0.9824394510872827,0.97802734375,0.9707265797621114,0.9835381815734792
4,native,reference,False,0.99933715199586,0.99932671594579,0.9993468797612877,1.0,0.9981277993949387,1.0
4,grouped_canonical,reference,False,0.33132968699108467,0.3143233119164424,0.34809697292451297,0.3408203125,0.32060733608806213,0.3616293215264398
4,grouped_noop,reference,False,0.33132968699108467,0.3143233119164424,0.34809697292451297,0.3408203125,0.32060733608806213,0.3616293215264398
4,restore_keys,oracle,True,0.340109596105148,0.322700228413003,0.35770314350484,0.3486328125,0.32829498614842745,0.36953741833162035
4,guard_restore_keys,oracle,True,0.99933715199586,0.999326716059295,0.9993468798194953,1.0,0.9981277993949387,1.0
4,restore_values,oracle,True,0.9993277910107281,0.9993141124083195,0.999339970685105,1.0,0.9981277993949387,1.0
4,guard_a0_b0,matched_guard,False,0.8319725738686429,0.8211837357738154,0.8433050409483199,0.8408203125,0.8243397124236838,0.8560247445857567
4,guard_a0_b1,matched_guard,False,0.8334112199247001,0.8228931438199996,0.8447667266201647,0.84375,0.8273826432362674,0.8588302188477528
4,guard_a0_b3,matched_guard,False,0.9993277911271434,0.9993141125218244,0.9993399708015204,1.0,0.9981277993949387,1.0
4,guard_a2_b0,matched_guard,False,0.7243565904217402,0.7104514503740182,0.7382625122049119,0.734375,0.7148207735275849,0.7530516324387926
4,guard_a2_b1,matched_guard,False,0.7274018783499018,0.7136970488261893,0.7412039651699801,0.7373046875,0.7178126407846765,0.7559081702562807
4,guard_a2_b3,matched_guard,False,0.9228652304888618,0.9134701243553255,0.9324418214581542,0.92529296875,0.9130927215520228,0.935900748441133
4,guard_a3_b0,matched_guard,False,0.5734224816628869,0.557931353379953,0.5887832792371642,0.5771484375,0.5556281282964907,0.5983798720007752
4,guard_a3_b1,matched_guard,False,0.5746067163801293,0.559066171984801,0.5899378691098114,0.5771484375,0.5556281282964907,0.5983798720007752
4,guard_a3_b3,matched_guard,False,0.7162090860305037,0.7053768027831102,0.7275259810459631,0.71923828125,0.6993796739060468,0.7382759725083353
5,native,reference,False,0.999427699833177,0.9994195312043302,0.9994358177449613,1.0,0.9981277993949387,1.0
5,grouped_canonical,reference,False,0.5700764699159246,0.5547728246579077,0.5840058168700811,0.58203125,0.5605357998975605,0.6032195421906715
5,grouped_noop,reference,False,0.5700764699159246,0.5547728246579077,0.5840058168700811,0.58203125,0.5605357998975605,0.6032195421906715
5,restore_keys,oracle,True,0.5824719494690257,0.5674615409012578,0.5969464152245446,0.59619140625,0.5747802189116596,0.6172424143703744
5,guard_restore_keys,oracle,True,0.9994276997749694,0.9994195308667259,0.9994358179166738,1.0,0.9981277993949387,1.0
5,restore_values,oracle,True,0.9985025171117741,0.9972361013798945,0.999364317284926,0.99951171875,0.9972392640467791,0.9999138011690629
5,guard_a0_b0,matched_guard,False,0.9440038526905399,0.9353168670917182,0.9521338112600429,0.94677734375,0.936192048130996,0.9556897257424111
5,guard_a0_b1,matched_guard,False,0.9443176695644617,0.9356063139896477,0.952413513537721,0.9462890625,0.9356629766766662,0.9552440630176442
5,guard_a0_b3,matched_guard,False,0.9985025173664326,0.9972361018539232,0.9993643171757867,0.99951171875,0.9972392640467791,0.9999138011690629
5,guard_a2_b0,matched_guard,False,0.9228921499030212,0.9128053710702024,0.9327663645483324,0.9267578125,0.9146575458921684,0.9372601266382772
5,guard_a2_b1,matched_guard,False,0.9231150960789107,0.9130522937722391,0.9330846780094785,0.9267578125,0.9146575458921684,0.9372601266382772
5,guard_a2_b3,matched_guard,False,0.9897901876532744,0.9859488987075533,0.993183302095057,0.9921875,0.9873466626664275,0.9951853898629651
5,guard_a3_b0,matched_guard,False,0.7899603794470669,0.7762603287667,0.8029191384240605,0.80078125,0.7829267863402211,0.8175094679832967
5,guard_a3_b1,matched_guard,False,0.7916099388085528,0.7779949698733014,0.8046879212182416,0.802734375,0.7849400664287206,0.8193951246111836
5,guard_a3_b3,matched_guard,False,0.8359055527833017,0.8245469083731369,0.8474033271081333,0.84619140625,0.8299198922905825,0.8611666406889208
