seed,wrong_guard,paired_probability_difference,ci95_low,ci95_high
0,guard_a0_b0,0.07124613889888431,0.06248229453993432,0.08095391394892988
0,guard_a0_b1,0.07126432329236954,0.062394413655940915,0.08102638186630495
0,guard_a2_b0,0.1300613610421748,0.11785556374195243,0.14307087123650974
0,guard_a2_b1,0.13069920914312738,0.11839406505708097,0.14358051604880762
0,guard_a2_b3,0.03792198714241768,0.030728769628300845,0.045373128915939254
0,guard_a3_b0,0.2478471352755478,0.2339128468016184,0.26222059300551015
0,guard_a3_b1,0.24633620030245318,0.23243823962401122,0.26077267750813793
0,guard_a3_b3,0.1987962102702009,0.1871564021136055,0.21034281272807548
1,guard_a0_b0,0.0003403632581466809,9.587506065145135e-06,0.0009809631512325723
1,guard_a0_b1,0.00029475385963451117,7.0705464167986065e-06,0.000846937598544173
1,guard_a2_b0,0.18103163931048033,0.1693493829579156,0.1933637406003873
1,guard_a2_b1,0.1813432530503733,0.16941808828033422,0.19371188227472566
1,guard_a2_b3,0.17047632146457115,0.15902609038002738,0.18209813208090572
1,guard_a3_b0,0.11078736949349355,0.10023832842982966,0.12049014178254619
1,guard_a3_b1,0.10888134225012197,0.09851012117584232,0.11860828742423556
1,guard_a3_b3,0.11029680420218185,0.09992473963815438,0.12002003297099383
2,guard_a0_b0,0.19542358814680044,0.18359581449193962,0.20581612894592818
2,guard_a0_b1,0.19485511993791985,0.18302722704453986,0.20518124280175265
2,guard_a2_b0,0.43461196496016774,0.42215266750652564,0.4462136367276918
2,guard_a2_b1,0.43417726532462003,0.4218802710456723,0.44573987695326406
2,guard_a2_b3,0.24355724842474774,0.2304405049638925,0.2562745811037844
2,guard_a3_b0,0.4749576098237974,0.4601035205867699,0.4899033182768178
2,guard_a3_b1,0.47406451493374735,0.4592199024699975,0.4887661474636336
2,guard_a3_b3,0.3191381899792133,0.3077209425102602,0.33158172996193186
3,guard_a0_b0,0.08270580366155789,0.07315046447750384,0.09228494245215334
3,guard_a0_b1,0.08167074680911968,0.07207824076079533,0.0911760051766497
3,guard_a2_b0,0.3665768890232268,0.35378089457172573,0.37948022791932634
3,guard_a2_b1,0.3645089202374341,0.3515001376836638,0.37714549379234996
3,guard_a2_b3,0.20316150192273214,0.19162476684185556,0.2149994588927916
3,guard_a3_b0,0.09497984857051911,0.08420344777296444,0.10675836991793657
3,guard_a3_b1,0.09387595940615578,0.08314872493491869,0.10532041698816472
3,guard_a3_b3,0.022360091228345258,0.01688350947630336,0.028205999202983115
4,guard_a0_b0,0.16735521725850055,0.156033153728646,0.17813971460432693
4,guard_a0_b1,0.1659165712024433,0.1545701895087945,0.1764340290399215
4,guard_a2_b0,0.2749712007054033,0.2610655908039718,0.2888827516997873
4,guard_a2_b1,0.27192591277724165,0.2581152978065161,0.2856198020626737
4,guard_a2_b3,0.07646256063828161,0.06689470422909513,0.08585468956408791
4,guard_a3_b0,0.42590530946425653,0.4105393271517227,0.4413842060671788
4,guard_a3_b1,0.42472107474701415,0.40938307946772723,0.44026408530292277
4,guard_a3_b3,0.2831187050966397,0.27179811411080823,0.29394204190440354
5,guard_a0_b0,0.054498664675892705,0.04649764973858388,0.06291438889043673
5,guard_a0_b1,0.05418484780197086,0.04619401386711717,0.06265645178524087
5,guard_a2_b0,0.07561036746341143,0.0658214158089776,0.08562112775667848
5,guard_a2_b1,0.07538742128752185,0.06568471474232777,0.08537140858693543
5,guard_a2_b3,0.008712329713158162,0.005436268166315261,0.012402214883139827
5,guard_a3_b0,0.20854213791936566,0.19548730721944582,0.22213809569574447
5,guard_a3_b1,0.2068925785578798,0.19382554576196298,0.22038011357938442
5,guard_a3_b3,0.16259696458313083,0.15115243371992143,0.17379328811143693
