seed,condition,family,oracle,metric,forecast,observed,error,absolute_error,within_tolerance
0,native,reference,False,original_probability,0.999285708618,0.9992702880699653,-1.542054803471693e-05,1.542054803471693e-05,True
0,native,reference,False,accuracy,1.0,1.0,0.0,0.0,True
0,grouped_canonical,reference,False,original_probability,0.52234122469,0.5188170623765194,-0.0035241623134806277,0.0035241623134806277,True
0,grouped_canonical,reference,False,accuracy,0.5390625,0.533203125,-0.005859375,0.005859375,True
0,grouped_noop,reference,False,original_probability,0.52234122469,0.5188170623765194,-0.0035241623134806277,0.0035241623134806277,True
0,grouped_noop,reference,False,accuracy,0.5390625,0.533203125,-0.005859375,0.005859375,True
0,restore_keys,oracle,True,original_probability,0.52234122469,0.5300980385176624,0.007756813827662357,0.007756813827662357,True
0,restore_keys,oracle,True,accuracy,0.5390625,0.54931640625,0.01025390625,0.01025390625,True
0,guard_restore_keys,oracle,True,original_probability,0.999285708618,0.999270288128173,-1.5420489827056016e-05,1.5420489827056016e-05,True
0,guard_restore_keys,oracle,True,accuracy,1.0,1.0,0.0,0.0,True
0,restore_values,oracle,True,original_probability,0.98,0.9992670611245558,0.019267061124555784,0.019267061124555784,True
0,restore_values,oracle,True,accuracy,0.99,1.0,0.010000000000000009,0.010000000000000009,True
0,guard_a0_b0,matched_guard,False,original_probability,0.865585306173,0.9280209221674638,0.06243561599446379,0.06243561599446379,True
0,guard_a0_b0,matched_guard,False,accuracy,0.877265625,0.92919921875,0.05193359374999995,0.05193359374999995,True
0,guard_a0_b1,matched_guard,False,original_probability,0.865585306173,0.9280027377739786,0.06241743160097857,0.06241743160097857,True
0,guard_a0_b1,matched_guard,False,accuracy,0.877265625,0.93017578125,0.05291015624999995,0.05291015624999995,True
0,guard_a0_b3,matched_guard,False,original_probability,0.98,0.9992670610663481,0.019267061066348123,0.019267061066348123,True
0,guard_a0_b3,matched_guard,False,accuracy,0.99,1.0,0.010000000000000009,0.010000000000000009,True
0,guard_a2_b0,matched_guard,False,original_probability,0.751170612345,0.8692057000241733,0.11803508767917326,0.11803508767917326,True
0,guard_a2_b0,matched_guard,False,accuracy,0.76453125,0.873046875,0.108515625,0.108515625,True
0,guard_a2_b1,matched_guard,False,original_probability,0.751170612345,0.8685678519232207,0.11739723957822068,0.11739723957822068,True
0,guard_a2_b1,matched_guard,False,accuracy,0.76453125,0.8720703125,0.1075390625,0.1075390625,True
0,guard_a2_b3,matched_guard,False,original_probability,0.865585306173,0.9613450739239304,0.09575976775093042,0.09575976775093042,True
0,guard_a2_b3,matched_guard,False,accuracy,0.877265625,0.9638671875,0.08660156249999995,0.08660156249999995,True
0,guard_a3_b0,matched_guard,False,original_probability,0.751170612345,0.7514199257908003,0.0002493134458002588,0.0002493134458002588,True
0,guard_a3_b0,matched_guard,False,accuracy,0.76453125,0.755859375,-0.008671874999999996,0.008671874999999996,True
0,guard_a3_b1,matched_guard,False,original_probability,0.751170612345,0.7529308607638949,0.001760248418894883,0.001760248418894883,True
0,guard_a3_b1,matched_guard,False,accuracy,0.76453125,0.75830078125,-0.0062304687499999956,0.0062304687499999956,True
0,guard_a3_b3,matched_guard,False,original_probability,0.865585306173,0.8004708507961472,-0.06511445537685279,0.06511445537685279,True
0,guard_a3_b3,matched_guard,False,accuracy,0.877265625,0.80517578125,-0.07208984375000005,0.07208984375000005,True
1,native,reference,False,original_probability,0.999321694166,0.9993186042120215,-3.089953978574478e-06,3.089953978574478e-06,True
1,native,reference,False,accuracy,1.0,1.0,0.0,0.0,True
1,grouped_canonical,reference,False,original_probability,0.575179622962,0.5581188947463165,-0.017060728215683496,0.017060728215683496,True
1,grouped_canonical,reference,False,accuracy,0.58837890625,0.564453125,-0.02392578125,0.02392578125,True
1,grouped_noop,reference,False,original_probability,0.575179622962,0.5581188947463165,-0.017060728215683496,0.017060728215683496,True
1,grouped_noop,reference,False,accuracy,0.58837890625,0.564453125,-0.02392578125,0.02392578125,True
1,restore_keys,oracle,True,original_probability,0.575179622962,0.5568924559605517,-0.01828716700144828,0.01828716700144828,True
1,restore_keys,oracle,True,accuracy,0.58837890625,0.5634765625,-0.02490234375,0.02490234375,True
1,guard_restore_keys,oracle,True,original_probability,0.999321694166,0.9993186040956061,-3.0900703938963048e-06,3.0900703938963048e-06,True
1,guard_restore_keys,oracle,True,accuracy,1.0,1.0,0.0,0.0,True
1,restore_values,oracle,True,original_probability,0.98,0.9992934390029404,0.01929343900294045,0.01929343900294045,True
1,restore_values,oracle,True,accuracy,0.99,1.0,0.010000000000000009,0.010000000000000009,True
1,guard_a0_b0,matched_guard,False,original_probability,0.87879490574,0.9989530757447938,0.12015817000479379,0.12015817000479379,True
1,guard_a0_b0,matched_guard,False,accuracy,0.889594726562,0.99951171875,0.109916992188,0.109916992188,True
1,guard_a0_b1,matched_guard,False,original_probability,0.87879490574,0.9989986851433059,0.12020377940330595,0.12020377940330595,True
1,guard_a0_b1,matched_guard,False,accuracy,0.889594726562,0.99951171875,0.109916992188,0.109916992188,True
1,guard_a0_b3,matched_guard,False,original_probability,0.98,0.9992934390029404,0.01929343900294045,0.01929343900294045,True
1,guard_a0_b3,matched_guard,False,accuracy,0.99,1.0,0.010000000000000009,0.010000000000000009,True
1,guard_a2_b0,matched_guard,False,original_probability,0.777589811481,0.8182617996924602,0.04067198821146012,0.04067198821146012,True
1,guard_a2_b0,matched_guard,False,accuracy,0.789189453125,0.8193359375,0.030146484375000004,0.030146484375000004,True
1,guard_a2_b1,matched_guard,False,original_probability,0.777589811481,0.8179501859525671,0.04036037447156704,0.04036037447156704,True
1,guard_a2_b1,matched_guard,False,accuracy,0.789189453125,0.81982421875,0.030634765625000004,0.030634765625000004,True
1,guard_a2_b3,matched_guard,False,original_probability,0.87879490574,0.8288171175383693,-0.04997778820163068,0.04997778820163068,True
1,guard_a2_b3,matched_guard,False,accuracy,0.889594726562,0.833984375,-0.055610351562000004,0.055610351562000004,True
1,guard_a3_b0,matched_guard,False,original_probability,0.777589811481,0.8885060695094469,0.11091625802844685,0.11091625802844685,True
1,guard_a3_b0,matched_guard,False,accuracy,0.789189453125,0.892578125,0.103388671875,0.103388671875,True
1,guard_a3_b1,matched_guard,False,original_probability,0.777589811481,0.8904120967528184,0.11282228527181837,0.11282228527181837,True
1,guard_a3_b1,matched_guard,False,accuracy,0.789189453125,0.8955078125,0.106318359375,0.106318359375,True
1,guard_a3_b3,matched_guard,False,original_probability,0.87879490574,0.8889966348007585,0.010201729060758558,0.010201729060758558,True
1,guard_a3_b3,matched_guard,False,accuracy,0.889594726562,0.89404296875,0.004448242187999996,0.004448242187999996,True
2,native,reference,False,original_probability,0.999360665563,0.9993629840319045,2.318468904527471e-06,2.318468904527471e-06,True
2,native,reference,False,accuracy,1.0,1.0,0.0,0.0,True
2,grouped_canonical,reference,False,original_probability,0.277286920797,0.28532634326112194,0.008039422464121926,0.008039422464121926,True
2,grouped_canonical,reference,False,accuracy,0.28857421875,0.2890625,0.00048828125,0.00048828125,True
2,grouped_noop,reference,False,original_probability,0.277286920797,0.28532634326112194,0.008039422464121926,0.008039422464121926,True
2,grouped_noop,reference,False,accuracy,0.28857421875,0.2890625,0.00048828125,0.00048828125,True
2,restore_keys,oracle,True,original_probability,0.277286920797,0.2863946482557407,0.009107727458740666,0.009107727458740666,True
2,restore_keys,oracle,True,accuracy,0.28857421875,0.29248046875,0.00390625,0.00390625,True
2,guard_restore_keys,oracle,True,original_probability,0.999360665563,0.9993629837990738,2.318236073883817e-06,2.318236073883817e-06,True
2,guard_restore_keys,oracle,True,accuracy,1.0,1.0,0.0,0.0,True
2,restore_values,oracle,True,original_probability,0.98,0.9993609620141797,0.019360962014179695,0.019360962014179695,True
2,restore_values,oracle,True,accuracy,0.99,1.0,0.010000000000000009,0.010000000000000009,True
2,guard_a0_b0,matched_guard,False,original_probability,0.804321730199,0.8039373738673792,-0.0003843563316208165,0.0003843563316208165,True
2,guard_a0_b0,matched_guard,False,accuracy,0.814643554687,0.810546875,-0.004096679687000004,0.004096679687000004,True
2,guard_a0_b1,matched_guard,False,original_probability,0.804321730199,0.8045058420762599,0.00018411187725986267,0.00018411187725986267,True
2,guard_a0_b1,matched_guard,False,accuracy,0.814643554687,0.81103515625,-0.0036083984370000044,0.0036083984370000044,True
2,guard_a0_b3,matched_guard,False,original_probability,0.98,0.9993609620141797,0.019360962014179695,0.019360962014179695,True
2,guard_a0_b3,matched_guard,False,accuracy,0.99,1.0,0.010000000000000009,0.010000000000000009,True
2,guard_a2_b0,matched_guard,False,original_probability,0.628643460399,0.5647489970540119,-0.06389446334498805,0.06389446334498805,True
2,guard_a2_b0,matched_guard,False,accuracy,0.639287109375,0.572265625,-0.067021484375,0.067021484375,True
2,guard_a2_b1,matched_guard,False,original_probability,0.628643460399,0.5651836966895596,-0.0634597637094404,0.0634597637094404,True
2,guard_a2_b1,matched_guard,False,accuracy,0.639287109375,0.572265625,-0.067021484375,0.067021484375,True
2,guard_a2_b3,matched_guard,False,original_probability,0.804321730199,0.755803713589432,-0.048518016609568004,0.048518016609568004,True
2,guard_a2_b3,matched_guard,False,accuracy,0.814643554687,0.76171875,-0.052924804687000004,0.052924804687000004,True
2,guard_a3_b0,matched_guard,False,original_probability,0.628643460399,0.5244033521903821,-0.10424010820861784,0.10424010820861784,True
2,guard_a3_b0,matched_guard,False,accuracy,0.639287109375,0.53173828125,-0.107548828125,0.107548828125,True
2,guard_a3_b1,matched_guard,False,original_probability,0.628643460399,0.5252964470804323,-0.10334701331856766,0.10334701331856766,True
2,guard_a3_b1,matched_guard,False,accuracy,0.639287109375,0.533203125,-0.106083984375,0.106083984375,True
2,guard_a3_b3,matched_guard,False,original_probability,0.804321730199,0.6802227720349664,-0.1240989581640336,0.1240989581640336,True
2,guard_a3_b3,matched_guard,False,accuracy,0.814643554687,0.68359375,-0.131049804687,0.131049804687,True
3,native,reference,False,original_probability,0.999326187884,0.9993269230180886,7.3513408860304e-07,7.3513408860304e-07,True
3,native,reference,False,accuracy,1.0,1.0,0.0,0.0,True
3,grouped_canonical,reference,False,original_probability,0.37540089507,0.3865040691686077,0.011103174098607671,0.011103174098607671,True
3,grouped_canonical,reference,False,accuracy,0.384765625,0.38525390625,0.00048828125,0.00048828125,True
3,grouped_noop,reference,False,original_probability,0.37540089507,0.3865040691686077,0.011103174098607671,0.011103174098607671,True
3,grouped_noop,reference,False,accuracy,0.384765625,0.38525390625,0.00048828125,0.00048828125,True
3,restore_keys,oracle,True,original_probability,0.37540089507,0.3882749403441198,0.012874045274119783,0.012874045274119783,True
3,restore_keys,oracle,True,accuracy,0.384765625,0.38818359375,0.00341796875,0.00341796875,True
3,guard_restore_keys,oracle,True,original_probability,0.999326187884,0.9993269231927115,7.353087115857804e-07,7.353087115857804e-07,True
3,guard_restore_keys,oracle,True,accuracy,1.0,1.0,0.0,0.0,True
3,restore_values,oracle,True,original_probability,0.98,0.9993258418689948,0.019325841868994775,0.019325841868994775,True
3,restore_values,oracle,True,accuracy,0.99,1.0,0.010000000000000009,0.010000000000000009,True
3,guard_a0_b0,matched_guard,False,original_probability,0.828850223768,0.9166200382074369,0.08776981443943688,0.08776981443943688,True
3,guard_a0_b0,matched_guard,False,accuracy,0.83869140625,0.919921875,0.08123046874999995,0.08123046874999995,True
3,guard_a0_b1,matched_guard,False,original_probability,0.828850223768,0.9176550950598751,0.08880487129187509,0.08880487129187509,True
3,guard_a0_b1,matched_guard,False,accuracy,0.83869140625,0.9208984375,0.08220703124999995,0.08220703124999995,True
3,guard_a0_b3,matched_guard,False,original_probability,0.98,0.9993258418689948,0.019325841868994775,0.019325841868994775,True
3,guard_a0_b3,matched_guard,False,accuracy,0.99,1.0,0.010000000000000009,0.010000000000000009,True
3,guard_a2_b0,matched_guard,False,original_probability,0.677700447535,0.6327489528457679,-0.0449514946892321,0.0449514946892321,True
3,guard_a2_b0,matched_guard,False,accuracy,0.6873828125,0.63525390625,-0.052128906249999996,0.052128906249999996,True
3,guard_a2_b1,matched_guard,False,original_probability,0.677700447535,0.6348169216315607,-0.04288352590343936,0.04288352590343936,True
3,guard_a2_b1,matched_guard,False,accuracy,0.6873828125,0.63916015625,-0.048222656249999996,0.048222656249999996,True
3,guard_a2_b3,matched_guard,False,original_probability,0.828850223768,0.7961643399462626,-0.03268588382173743,0.03268588382173743,True
3,guard_a2_b3,matched_guard,False,accuracy,0.83869140625,0.80419921875,-0.03449218750000005,0.03449218750000005,True
3,guard_a3_b0,matched_guard,False,original_probability,0.677700447535,0.9043459932984756,0.22664554576347562,0.22664554576347562,False
3,guard_a3_b0,matched_guard,False,accuracy,0.6873828125,0.90966796875,0.22228515625,0.22228515625,False
3,guard_a3_b1,matched_guard,False,original_probability,0.677700447535,0.905449882462839,0.22774943492783895,0.22774943492783895,False
3,guard_a3_b1,matched_guard,False,accuracy,0.6873828125,0.91015625,0.2227734375,0.2227734375,False
3,guard_a3_b3,matched_guard,False,original_probability,0.828850223768,0.9769657506406495,0.1481155268726495,0.1481155268726495,True
3,guard_a3_b3,matched_guard,False,accuracy,0.83869140625,0.97802734375,0.13933593749999995,0.13933593749999995,True
4,native,reference,False,original_probability,0.999351761566,0.99933715199586,-1.4609570139989536e-05,1.4609570139989536e-05,True
4,native,reference,False,accuracy,1.0,1.0,0.0,0.0,True
4,grouped_canonical,reference,False,original_probability,0.330290493268,0.33132968699108467,0.001039193723084697,0.001039193723084697,True
4,grouped_canonical,reference,False,accuracy,0.33154296875,0.3408203125,0.00927734375,0.00927734375,True
4,grouped_noop,reference,False,original_probability,0.330290493268,0.33132968699108467,0.001039193723084697,0.001039193723084697,True
4,grouped_noop,reference,False,accuracy,0.33154296875,0.3408203125,0.00927734375,0.00927734375,True
4,restore_keys,oracle,True,original_probability,0.330290493268,0.340109596105148,0.009819102837148042,0.009819102837148042,True
4,restore_keys,oracle,True,accuracy,0.33154296875,0.3486328125,0.01708984375,0.01708984375,True
4,guard_restore_keys,oracle,True,original_probability,0.999351761566,0.99933715199586,-1.4609570139989536e-05,1.4609570139989536e-05,True
4,guard_restore_keys,oracle,True,accuracy,1.0,1.0,0.0,0.0,True
4,restore_values,oracle,True,original_probability,0.98,0.9993277910107281,0.019327791010728124,0.019327791010728124,True
4,restore_values,oracle,True,accuracy,0.99,1.0,0.010000000000000009,0.010000000000000009,True
4,guard_a0_b0,matched_guard,False,original_probability,0.817572623317,0.8319725738686429,0.014399950551642893,0.014399950551642893,True
4,guard_a0_b0,matched_guard,False,accuracy,0.825385742187,0.8408203125,0.015434570312999996,0.015434570312999996,True
4,guard_a0_b1,matched_guard,False,original_probability,0.817572623317,0.8334112199247001,0.01583859660770015,0.01583859660770015,True
4,guard_a0_b1,matched_guard,False,accuracy,0.825385742187,0.84375,0.018364257812999996,0.018364257812999996,True
4,guard_a0_b3,matched_guard,False,original_probability,0.98,0.9993277911271434,0.019327791127143445,0.019327791127143445,True
4,guard_a0_b3,matched_guard,False,accuracy,0.99,1.0,0.010000000000000009,0.010000000000000009,True
4,guard_a2_b0,matched_guard,False,original_probability,0.655145246634,0.7243565904217402,0.06921134378774019,0.06921134378774019,True
4,guard_a2_b0,matched_guard,False,accuracy,0.660771484375,0.734375,0.073603515625,0.073603515625,True
4,guard_a2_b1,matched_guard,False,original_probability,0.655145246634,0.7274018783499018,0.0722566317159018,0.0722566317159018,True
4,guard_a2_b1,matched_guard,False,accuracy,0.660771484375,0.7373046875,0.076533203125,0.076533203125,True
4,guard_a2_b3,matched_guard,False,original_probability,0.817572623317,0.9228652304888618,0.10529260717186184,0.10529260717186184,True
4,guard_a2_b3,matched_guard,False,accuracy,0.825385742187,0.92529296875,0.099907226563,0.099907226563,True
4,guard_a3_b0,matched_guard,False,original_probability,0.655145246634,0.5734224816628869,-0.08172276497111308,0.08172276497111308,True
4,guard_a3_b0,matched_guard,False,accuracy,0.660771484375,0.5771484375,-0.083623046875,0.083623046875,True
4,guard_a3_b1,matched_guard,False,original_probability,0.655145246634,0.5746067163801293,-0.0805385302538707,0.0805385302538707,True
4,guard_a3_b1,matched_guard,False,accuracy,0.660771484375,0.5771484375,-0.083623046875,0.083623046875,True
4,guard_a3_b3,matched_guard,False,original_probability,0.817572623317,0.7162090860305037,-0.10136353728649627,0.10136353728649627,True
4,guard_a3_b3,matched_guard,False,accuracy,0.825385742187,0.71923828125,-0.106147460937,0.106147460937,True
5,native,reference,False,original_probability,0.999430999073,0.999427699833177,-3.2992398230069497e-06,3.2992398230069497e-06,True
5,native,reference,False,accuracy,1.0,1.0,0.0,0.0,True
5,grouped_canonical,reference,False,original_probability,0.572198165985,0.5700764699159246,-0.0021216960690753073,0.0021216960690753073,True
5,grouped_canonical,reference,False,accuracy,0.58447265625,0.58203125,-0.00244140625,0.00244140625,True
5,grouped_noop,reference,False,original_probability,0.572198165985,0.5700764699159246,-0.0021216960690753073,0.0021216960690753073,True
5,grouped_noop,reference,False,accuracy,0.58447265625,0.58203125,-0.00244140625,0.00244140625,True
5,restore_keys,oracle,True,original_probability,0.572198165985,0.5824719494690257,0.010273783484025745,0.010273783484025745,True
5,restore_keys,oracle,True,accuracy,0.58447265625,0.59619140625,0.01171875,0.01171875,True
5,guard_restore_keys,oracle,True,original_probability,0.999430999073,0.9994276997749694,-3.299298030667863e-06,3.299298030667863e-06,True
5,guard_restore_keys,oracle,True,accuracy,1.0,1.0,0.0,0.0,True
5,restore_values,oracle,True,original_probability,0.98,0.9985025171117741,0.018502517111774086,0.018502517111774086,True
5,restore_values,oracle,True,accuracy,0.99,0.99951171875,0.009511718750000009,0.009511718750000009,True
5,guard_a0_b0,matched_guard,False,original_probability,0.878049541496,0.9440038526905399,0.06595431119453987,0.06595431119453987,True
5,guard_a0_b0,matched_guard,False,accuracy,0.888618164062,0.94677734375,0.058159179687999996,0.058159179687999996,True
5,guard_a0_b1,matched_guard,False,original_probability,0.878049541496,0.9443176695644617,0.06626812806846172,0.06626812806846172,True
5,guard_a0_b1,matched_guard,False,accuracy,0.888618164062,0.9462890625,0.057670898437999996,0.057670898437999996,True
5,guard_a0_b3,matched_guard,False,original_probability,0.98,0.9985025173664326,0.018502517366432603,0.018502517366432603,True
5,guard_a0_b3,matched_guard,False,accuracy,0.99,0.99951171875,0.009511718750000009,0.009511718750000009,True
5,guard_a2_b0,matched_guard,False,original_probability,0.776099082992,0.9228921499030212,0.14679306691102112,0.14679306691102112,True
5,guard_a2_b0,matched_guard,False,accuracy,0.787236328125,0.9267578125,0.139521484375,0.139521484375,True
5,guard_a2_b1,matched_guard,False,original_probability,0.776099082992,0.9231150960789107,0.1470160130869107,0.1470160130869107,True
5,guard_a2_b1,matched_guard,False,accuracy,0.787236328125,0.9267578125,0.139521484375,0.139521484375,True
5,guard_a2_b3,matched_guard,False,original_probability,0.878049541496,0.9897901876532744,0.11174064615727441,0.11174064615727441,True
5,guard_a2_b3,matched_guard,False,accuracy,0.888618164062,0.9921875,0.103569335938,0.103569335938,True
5,guard_a3_b0,matched_guard,False,original_probability,0.776099082992,0.7899603794470669,0.01386129645506684,0.01386129645506684,True
5,guard_a3_b0,matched_guard,False,accuracy,0.787236328125,0.80078125,0.013544921875000004,0.013544921875000004,True
5,guard_a3_b1,matched_guard,False,original_probability,0.776099082992,0.7916099388085528,0.01551085581655276,0.01551085581655276,True
5,guard_a3_b1,matched_guard,False,accuracy,0.787236328125,0.802734375,0.015498046875000004,0.015498046875000004,True
5,guard_a3_b3,matched_guard,False,original_probability,0.878049541496,0.8359055527833017,-0.04214398871269831,0.04214398871269831,True
5,guard_a3_b3,matched_guard,False,accuracy,0.888618164062,0.84619140625,-0.042426757812000004,0.042426757812000004,True
