seed,condition,query_pair,probability,probability_ci95_low,probability_ci95_high,accuracy,wilson_low,wilson_high
0,native,0,0.9992495742626488,0.9992006846470758,0.9992846055654809,1.0,0.9925530242771171,0.9999999999999999
0,native,1,0.9992894985480234,0.99927271954366,0.9993048717151396,1.0,0.9925530242771171,0.9999999999999999
0,native,2,0.9992535326164216,0.9991880066634622,0.999292500820593,1.0,0.9925530242771171,0.9999999999999999
0,native,3,0.9992885468527675,0.9992689969571075,0.9993082745262655,1.0,0.9925530242771171,0.9999999999999999
0,grouped_canonical,0,0.2319474423007577,0.20315373570281414,0.26177798447278117,0.25,0.21444818972233134,0.28927529813911007
0,grouped_canonical,1,0.3249010291782568,0.2878661225725314,0.3610718099131359,0.333984375,0.29450183733367963,0.37593954132430873
0,grouped_canonical,2,0.864597035779024,0.837485835112275,0.8894829419047744,0.880859375,0.8499237357408231,0.9061225132202622
0,grouped_canonical,3,0.6538227422480389,0.622942659624545,0.6858835139286953,0.66796875,0.6260582877163698,0.7073774938767243
0,grouped_noop,0,0.2319474423007577,0.20315373570281414,0.26177798447278117,0.25,0.21444818972233134,0.28927529813911007
0,grouped_noop,1,0.3249010291782568,0.2878661225725314,0.3610718099131359,0.333984375,0.29450183733367963,0.37593954132430873
0,grouped_noop,2,0.864597035779024,0.837485835112275,0.8894829419047744,0.880859375,0.8499237357408231,0.9061225132202622
0,grouped_noop,3,0.6538227422480389,0.622942659624545,0.6858835139286953,0.66796875,0.6260582877163698,0.7073774938767243
0,restore_keys,0,0.23974189592429607,0.2110063380035843,0.2700659078721061,0.267578125,0.2310669116922363,0.30755101842894744
0,restore_keys,1,0.3435849241443911,0.30629446690017825,0.379328935696971,0.361328125,0.3208926804877276,0.40382894168541567
0,restore_keys,2,0.8832574243993996,0.8571369789877819,0.9073978814573532,0.900390625,0.8713937373005635,0.9234241141713467
0,restore_keys,3,0.6538079096025626,0.6231064638223642,0.685959732684168,0.66796875,0.6260582877163698,0.7073774938767243
0,guard_restore_keys,0,0.9992495747283101,0.9992006846528966,0.9992846057924908,1.0,0.9925530242771171,0.9999999999999999
0,guard_restore_keys,1,0.9992894990136847,0.9992727204691618,0.999304871953791,1.0,0.9925530242771171,0.9999999999999999
0,guard_restore_keys,2,0.9992535321507603,0.9991880059416871,0.9992925003549317,1.0,0.9925530242771171,0.9999999999999999
0,guard_restore_keys,3,0.9992885466199368,0.9992689964914462,0.999308273839415,1.0,0.9925530242771171,0.9999999999999999
0,restore_values,0,0.9992433348670602,0.9991936706064735,0.999279609756195,1.0,0.9925530242771171,0.9999999999999999
0,restore_values,1,0.9992842122446746,0.999266925334814,0.999300283534103,1.0,0.9925530242771171,0.9999999999999999
0,restore_values,2,0.9992533671902493,0.9991882856586016,0.9992924268561183,1.0,0.9925530242771171,0.9999999999999999
0,restore_values,3,0.999287330196239,0.9992677081056172,0.9993070212658495,1.0,0.9925530242771171,0.9999999999999999
0,guard_a0_b0,0,0.9990301913348958,0.99855874030618,0.9992731421923964,1.0,0.9925530242771171,0.9999999999999999
0,guard_a0_b0,1,0.9988962694769725,0.9981270197487901,0.9992911555280444,1.0,0.9925530242771171,0.9999999999999999
0,guard_a0_b0,2,0.7273349854623401,0.6907050554057542,0.762248527570047,0.7265625,0.6863742152137727,0.7633763739117959
0,guard_a0_b0,3,0.9868222423956468,0.9778970374175969,0.9937872559263724,0.990234375,0.977345524728445,0.9958216982932597
0,guard_a0_b1,0,0.9990039782132953,0.9984961428854149,0.999267516224063,1.0,0.9925530242771171,0.9999999999999999
0,guard_a0_b1,1,0.9991106902016327,0.9987550316378474,0.9992958287883085,1.0,0.9925530242771171,0.9999999999999999
0,guard_a0_b1,2,0.72635338991841,0.6887178868062245,0.762512962443858,0.73046875,0.6904231293083547,0.767081780319379
0,guard_a0_b1,3,0.9875428927625762,0.9787632605325598,0.9942151760601063,0.990234375,0.977345524728445,0.9958216982932597
0,guard_a0_b3,0,0.9992433348670602,0.9991936706064735,0.999279609756195,1.0,0.9925530242771171,0.9999999999999999
0,guard_a0_b3,1,0.9992842127103359,0.9992669258179376,0.9993002844537842,1.0,0.9925530242771171,0.9999999999999999
0,guard_a0_b3,2,0.9992533664917573,0.9991882847563829,0.999292426140164,1.0,0.9925530242771171,0.9999999999999999
0,guard_a0_b3,3,0.999287330196239,0.9992677081056172,0.9993070212658495,1.0,0.9925530242771171,0.9999999999999999
0,guard_a2_b0,0,0.9990303901722655,0.998551592550939,0.9992770939337788,1.0,0.9925530242771171,0.9999999999999999
0,guard_a2_b0,1,0.8433557139152539,0.813332642066852,0.8722387031808567,0.849609375,0.8160493741268273,0.8779623108169383
0,guard_a2_b0,2,0.6477082259651743,0.6082806789136669,0.6863505813370234,0.65234375,0.6100972441805625,0.6923212554038716
0,guard_a2_b0,3,0.9867284700439996,0.9777647255688408,0.9937738664823883,0.990234375,0.977345524728445,0.9958216982932597
0,guard_a2_b1,0,0.9990040988195688,0.9984874378395034,0.9992711916245753,1.0,0.9925530242771171,0.9999999999999999
0,guard_a2_b1,1,0.843775340527972,0.8138363665822048,0.8725584678686561,0.849609375,0.8160493741268273,0.8779623108169383
0,guard_a2_b1,2,0.6440180318721627,0.6048728450479691,0.6822290425964009,0.6484375,0.6061145993456434,0.6885495797366259
0,guard_a2_b1,3,0.9874739364731795,0.9785718848357646,0.9942112585277755,0.990234375,0.977345524728445,0.9958216982932597
0,guard_a2_b3,0,0.9992454590974376,0.9991894893144491,0.9992845546512399,1.0,0.9925530242771171,0.9999999999999999
0,guard_a2_b3,1,0.849395847692139,0.8193320248189571,0.8779513128114825,0.85546875,0.8223623276661127,0.8832808380309003
0,guard_a2_b3,2,0.9974622783483937,0.9955322021647589,0.9986889700201573,1.0,0.9925530242771171,0.9999999999999999
0,guard_a2_b3,3,0.9992767105577514,0.9992478473985102,0.9993006874457933,1.0,0.9925530242771171,0.9999999999999999
0,guard_a3_b0,0,0.9990346210543066,0.9985794782551238,0.9992713737912708,1.0,0.9925530242771171,0.9999999999999999
0,guard_a3_b0,1,0.35058528736629224,0.3145580408155937,0.38581602852655045,0.353515625,0.31333738403843076,0.3958755971303825
0,guard_a3_b0,2,0.8128060377037931,0.7794799003916845,0.8436743295735197,0.8203125,0.7847100751881306,0.8511442059893977
0,guard_a3_b0,3,0.8432537570388092,0.8160120221065469,0.8684510172045918,0.849609375,0.8160493741268273,0.8779623108169383
0,guard_a3_b1,0,0.9990086718462408,0.9985133899055654,0.9992659417592222,1.0,0.9925530242771171,0.9999999999999999
0,guard_a3_b1,1,0.35614386028700906,0.3192464342700986,0.3917319035376083,0.36328125,0.32278335155989013,0.4058154308643356
0,guard_a3_b1,2,0.8126025362738467,0.7794358057274614,0.8432493222831203,0.818359375,0.78263299633789,0.8493441245885558
0,guard_a3_b1,3,0.8439683746484832,0.8166067010738033,0.8692229094812476,0.8515625,0.8181518841641696,0.8797369610306786
0,guard_a3_b3,0,0.9992490285076201,0.9992164843453792,0.9992779009568039,1.0,0.9925530242771171,0.9999999999999999
0,guard_a3_b3,1,0.3518962194919557,0.3133404603109161,0.38730749889958765,0.36328125,0.32278335155989013,0.4058154308643356
0,guard_a3_b3,2,0.9981372253969312,0.9962284390465357,0.9991853535932023,1.0,0.9925530242771171,0.9999999999999999
0,guard_a3_b3,3,0.8526009297880819,0.8260553502675065,0.877897243778665,0.857421875,0.8244703208053621,0.8850500051427335
1,native,0,0.9993066063616425,0.9992850871261908,0.9993270529404981,1.0,0.9925530242771171,0.9999999999999999
1,native,1,0.999317019013688,0.9992922251141862,0.9993408252397785,1.0,0.9925530242771171,0.9999999999999999
1,native,2,0.9993223391938955,0.9993041555164381,0.9993398087535752,1.0,0.9925530242771171,0.9999999999999999
1,native,3,0.9993284522788599,0.9993119782651775,0.9993439333164134,1.0,0.9925530242771171,0.9999999999999999
1,grouped_canonical,0,0.26039196921507735,0.22796203550580016,0.29521043272987896,0.271484375,0.23477045990317524,0.31160179072017347
1,grouped_canonical,1,0.20278385948589883,0.17166144827439583,0.2346454522792633,0.201171875,0.1687317782031719,0.23806270338120725
1,grouped_canonical,2,0.965348123955664,0.9533023675850927,0.9756635554735794,0.98046875,0.9644243436209257,0.9893570781453667
1,grouped_canonical,3,0.8039516263286259,0.7759147667134982,0.8326208280750336,0.8046875,0.7681321141014351,0.8367048850674331
1,grouped_noop,0,0.26039196921507735,0.22796203550580016,0.29521043272987896,0.271484375,0.23477045990317524,0.31160179072017347
1,grouped_noop,1,0.20278385948589883,0.17166144827439583,0.2346454522792633,0.201171875,0.1687317782031719,0.23806270338120725
1,grouped_noop,2,0.965348123955664,0.9533023675850927,0.9756635554735794,0.98046875,0.9644243436209257,0.9893570781453667
1,grouped_noop,3,0.8039516263286259,0.7759147667134982,0.8326208280750336,0.8046875,0.7681321141014351,0.8367048850674331
1,restore_keys,0,0.2584047985261142,0.22552728657494142,0.29306987348163527,0.26953125,0.23291821968062093,0.30957687069164536
1,restore_keys,1,0.1998619604831815,0.16916377768660373,0.23171788820374947,0.19921875,0.16691827849863472,0.23599904283466194
1,restore_keys,2,0.9653436021017114,0.9532952428307908,0.9756599705561257,0.98046875,0.9644243436209257,0.9893570781453667
1,restore_keys,3,0.8039594627311999,0.7759307282345844,0.8326261779616289,0.8046875,0.7681321141014351,0.8367048850674331
1,guard_restore_keys,0,0.9993066063616425,0.99928508712037,0.9993270529404981,1.0,0.9925530242771171,0.9999999999999999
1,guard_restore_keys,1,0.9993170192465186,0.9992922251141862,0.9993408252455993,1.0,0.9925530242771171,0.9999999999999999
1,guard_restore_keys,2,0.9993223391938955,0.9993041555339005,0.999339808759396,1.0,0.9925530242771171,0.9999999999999999
1,guard_restore_keys,3,0.999328451580368,0.9993119768914767,0.9993439323967322,1.0,0.9925530242771171,0.9999999999999999
1,restore_values,0,0.999211106216535,0.9990739889442921,0.9992936629074393,1.0,0.9925530242771171,0.9999999999999999
1,restore_values,1,0.9993133991956711,0.9992880780861014,0.9993373455596156,1.0,0.9925530242771171,0.9999999999999999
1,restore_values,2,0.9993217762093991,0.9993036329338792,0.9993392961478094,1.0,0.9925530242771171,0.9999999999999999
1,restore_values,3,0.9993274743901566,0.9993105570640182,0.9993434587784578,1.0,0.9925530242771171,0.9999999999999999
1,guard_a0_b0,0,0.9992145273135975,0.9990776238089893,0.9992963330820203,1.0,0.9925530242771171,0.9999999999999999
1,guard_a0_b0,1,0.9993121244478971,0.9992843510932289,0.9993380280182464,1.0,0.9925530242771171,0.9999999999999999
1,guard_a0_b0,2,0.9979654403286986,0.995399069134146,0.9992911196895875,0.998046875,0.9890207217875779,0.9996551422384565
1,guard_a0_b0,3,0.9993202108889818,0.9993020845868159,0.9993374440760817,1.0,0.9925530242771171,0.9999999999999999
1,guard_a0_b1,0,0.9992128198500723,0.9990751714824,0.9992955110094044,1.0,0.9925530242771171,0.9999999999999999
1,guard_a0_b1,1,0.9993181731551886,0.9992918441013898,0.9993425166496308,1.0,0.9925530242771171,0.9999999999999999
1,guard_a0_b1,2,0.9981435255031101,0.9959322398121003,0.9992973735439591,0.998046875,0.9890207217875779,0.9996551422384565
1,guard_a0_b1,3,0.9993202220648527,0.9993027156160679,0.9993368162744446,1.0,0.9925530242771171,0.9999999999999999
1,guard_a0_b3,0,0.999211106216535,0.9990739889442921,0.9992936629074393,1.0,0.9925530242771171,0.9999999999999999
1,guard_a0_b3,1,0.9993133991956711,0.9992880778590916,0.9993373455654364,1.0,0.9925530242771171,0.9999999999999999
1,guard_a0_b3,2,0.9993217762093991,0.9993036327126902,0.9993392963748192,1.0,0.9925530242771171,0.9999999999999999
1,guard_a0_b3,3,0.9993274743901566,0.9993105570640182,0.9993434587784578,1.0,0.9925530242771171,0.9999999999999999
1,guard_a2_b0,0,0.999110932694748,0.9989408291410655,0.9992458477820036,1.0,0.9925530242771171,0.9999999999999999
1,guard_a2_b0,1,0.42077549357797284,0.37926998432142045,0.463044774599569,0.416015625,0.37410155791100497,0.45918055129244795
1,guard_a2_b0,2,0.8544659239950647,0.8280072714777618,0.8786042883976989,0.861328125,0.828692006648878,0.8885826398013826
1,guard_a2_b0,3,0.9986948485020548,0.9975610814901301,0.9992959891649662,1.0,0.9925530242771171,0.9999999999999999
1,guard_a2_b1,0,0.9991112927673385,0.9989454737078631,0.9992442850780208,1.0,0.9925530242771171,0.9999999999999999
1,guard_a2_b1,1,0.42697531254997867,0.38491961727452334,0.46868361749469684,0.423828125,0.3817473130213807,0.46704343718640223
1,guard_a2_b1,2,0.8470194441247827,0.8194534407588137,0.8718342637472887,0.85546875,0.8223623276661127,0.8832808380309003
1,guard_a2_b1,3,0.9986946943681687,0.9975592457252788,0.9992951039690524,1.0,0.9925530242771171,0.9999999999999999
1,guard_a2_b3,0,0.9991048750234768,0.9989315659157001,0.9992418466077652,1.0,0.9925530242771171,0.9999999999999999
1,guard_a2_b3,1,0.4140247320946391,0.3728685476335783,0.455491136924025,0.416015625,0.37410155791100497,0.45918055129244795
1,guard_a2_b3,2,0.9034377920179395,0.8815205438111662,0.9229456329270761,0.919921875,0.8931649760362443,0.9404244779464908
1,guard_a2_b3,3,0.9987010710174218,0.9975667184859048,0.999302571779117,1.0,0.9925530242771171,0.9999999999999999
1,guard_a3_b0,0,0.9992190580815077,0.9991081859305269,0.9992985194810899,1.0,0.9925530242771171,0.9999999999999999
1,guard_a3_b0,1,0.5875472970699329,0.5484324810914584,0.6290361136729856,0.59375,0.5506634111099826,0.6354402809419768
1,guard_a3_b0,2,0.9980079688248225,0.9954700005007908,0.9992987851321231,0.998046875,0.9890207217875779,0.9996551422384565
1,guard_a3_b0,3,0.9692499540615245,0.9578110466563885,0.9788854335985888,0.978515625,0.9619423364720409,0.9879619250431689
1,guard_a3_b1,0,0.999217385542579,0.9991065702168271,0.9992968152917456,1.0,0.9925530242771171,0.9999999999999999
1,guard_a3_b1,1,0.5949973571773903,0.5570445965971039,0.6365960477542343,0.60546875,0.5624989313818705,0.646867722176584
1,guard_a3_b1,2,0.9981810870813206,0.9959954453632236,0.9993026581680169,0.998046875,0.9890207217875779,0.9996551422384565
1,guard_a3_b1,3,0.9692525572099839,0.9578074252682199,0.9788752520647904,0.978515625,0.9619423364720409,0.9879619250431689
1,guard_a3_b3,0,0.9992156274383888,0.9991052668978228,0.9992953832668718,1.0,0.9925530242771171,0.9999999999999999
1,guard_a3_b3,1,0.5882149104260617,0.549686668044444,0.6296467246445712,0.59765625,0.5546058102808347,0.6392522022732898
1,guard_a3_b3,2,0.9993058032123372,0.9992766003881115,0.9993313530401793,1.0,0.9925530242771171,0.9999999999999999
1,guard_a3_b3,3,0.9692501981262467,0.9578180635062381,0.97889183302741,0.978515625,0.9619423364720409,0.9879619250431689
2,native,0,0.9993586259661242,0.9993454832263524,0.9993708889698609,1.0,0.9925530242771171,0.9999999999999999
2,native,1,0.999369643162936,0.9993548258120427,0.9993836759706027,1.0,0.9925530242771171,0.9999999999999999
2,native,2,0.9993708425899968,0.9993575296452036,0.9993835073924856,1.0,0.9925530242771171,0.9999999999999999
2,native,3,0.999352824408561,0.9993354911683128,0.9993695730081527,1.0,0.9925530242771171,0.9999999999999999
2,grouped_canonical,0,0.2792122763576508,0.24660469393227383,0.31475847898325926,0.28125,0.2440454292479543,0.32171262263080685
2,grouped_canonical,1,0.13288585590296265,0.10932374989366192,0.15840736567277622,0.125,0.0991166386113686,0.15646859318079348
2,grouped_canonical,2,0.24581054798785384,0.2151629615301599,0.27894375106533453,0.24609375,0.21076597685786014,0.28520319050141624
2,grouped_canonical,3,0.4833966927960205,0.4468199625023139,0.5204396032777516,0.50390625,0.4607305364538204,0.5470237840483447
2,grouped_noop,0,0.2792122763576508,0.24660469393227383,0.31475847898325926,0.28125,0.2440454292479543,0.32171262263080685
2,grouped_noop,1,0.13288585590296265,0.10932374989366192,0.15840736567277622,0.125,0.0991166386113686,0.15646859318079348
2,grouped_noop,2,0.24581054798785384,0.2151629615301599,0.27894375106533453,0.24609375,0.21076597685786014,0.28520319050141624
2,grouped_noop,3,0.4833966927960205,0.4468199625023139,0.5204396032777516,0.50390625,0.4607305364538204,0.5470237840483447
2,restore_keys,0,0.27838821104089284,0.2456946501432571,0.3128414803063981,0.28125,0.2440454292479543,0.32171262263080685
2,restore_keys,1,0.13407925439500135,0.11033743697623723,0.1600196738735368,0.12890625,0.10262061563755877,0.16071893665676826
2,restore_keys,2,0.24977967517768063,0.219637448268412,0.2829855873162264,0.255859375,0.2199790080840174,0.2953759605306715
2,restore_keys,3,0.4833314524093879,0.44670547809514966,0.5204038139906597,0.50390625,0.4607305364538204,0.5470237840483447
2,guard_restore_keys,0,0.9993586252676323,0.9993454832263524,0.9993708880327177,1.0,0.9925530242771171,0.9999999999999999
2,guard_restore_keys,1,0.999369643162936,0.9993548258120427,0.9993836759706027,1.0,0.9925530242771171,0.9999999999999999
2,guard_restore_keys,2,0.9993708423571661,0.9993575296393828,0.9993835071654757,1.0,0.9925530242771171,0.9999999999999999
2,guard_restore_keys,3,0.999352824408561,0.9993354909471236,0.9993695732526249,1.0,0.9925530242771171,0.9999999999999999
2,restore_values,0,0.9993533513043076,0.9993399058759678,0.9993659301049774,1.0,0.9925530242771171,0.9999999999999999
2,restore_values,1,0.9993674824945629,0.9993527171056484,0.9993816462898394,1.0,0.9925530242771171,0.9999999999999999
2,restore_values,2,0.9993703720392659,0.9993570527469273,0.9993828567414311,1.0,0.9925530242771171,0.9999999999999999
2,restore_values,3,0.9993526422185823,0.9993354074074887,0.999369416027912,1.0,0.9925530242771171,0.9999999999999999
2,guard_a0_b0,0,0.9993517538532615,0.9993366823240649,0.9993663587054471,1.0,0.9925530242771171,0.9999999999999999
2,guard_a0_b0,1,0.9993656238075346,0.9993498545576586,0.9993812265514862,1.0,0.9925530242771171,0.9999999999999999
2,guard_a0_b0,2,0.3598561351498477,0.3237289146012021,0.40026976619361876,0.361328125,0.3208926804877276,0.40382894168541567
2,guard_a0_b0,3,0.8571759826588732,0.8335948296497065,0.8791657397056355,0.880859375,0.8499237357408231,0.9061225132202622
2,guard_a0_b1,0,0.9993511337088421,0.9993357928557088,0.9993658260180383,1.0,0.9925530242771171,0.9999999999999999
2,guard_a0_b1,1,0.9993668799288571,0.9993513554014498,0.9993823496130062,1.0,0.9925530242771171,0.9999999999999999
2,guard_a0_b1,2,0.36282310979103627,0.3259293594302863,0.4035646639070979,0.365234375,0.32467475624740916,0.4078011864278991
2,guard_a0_b1,3,0.8564822448763039,0.8327647335514087,0.8790179508471269,0.87890625,0.8477906572251377,0.9043784314848653
2,guard_a0_b3,0,0.9993533515371382,0.9993399067898281,0.9993659301049774,1.0,0.9925530242771171,0.9999999999999999
2,guard_a0_b3,1,0.9993674824945629,0.9993527171056484,0.9993816462898394,1.0,0.9925530242771171,0.9999999999999999
2,guard_a0_b3,2,0.9993703720392659,0.9993570527469273,0.9993828567414311,1.0,0.9925530242771171,0.9999999999999999
2,guard_a0_b3,3,0.9993526419857517,0.9993354069476481,0.9993694151082309,1.0,0.9925530242771171,0.9999999999999999
2,guard_a2_b0,0,0.9992990905884653,0.9992195250844815,0.9993496267328738,1.0,0.9925530242771171,0.9999999999999999
2,guard_a2_b0,1,0.36115668137985224,0.32253776429732284,0.4028243808739715,0.3671875,0.3265668920550496,0.4097862108713412
2,guard_a2_b0,2,0.04083383877996616,0.02535370279505958,0.05933654495275279,0.041015625,0.02698094895608158,0.061886392039533444
2,guard_a2_b0,3,0.857706377467764,0.8342004593743055,0.8795092379557914,0.880859375,0.8499237357408231,0.9061225132202622
2,guard_a2_b1,0,0.9992984493728727,0.9992188250995241,0.9993491762608755,1.0,0.9925530242771171,0.9999999999999999
2,guard_a2_b1,1,0.36257805247123165,0.32412229585757196,0.40379530135911085,0.369140625,0.32845975653728954,0.41177050664018366
2,guard_a2_b1,2,0.04180133694564647,0.026198795042368796,0.06030464804685455,0.041015625,0.02698094895608158,0.061886392039533444
2,guard_a2_b1,3,0.8570569479684877,0.8334859859013448,0.8793212440106231,0.87890625,0.8477906572251377,0.9043784314848653
2,guard_a2_b3,0,0.9993174655828625,0.999270104628522,0.9993511878565187,1.0,0.9925530242771171,0.9999999999999999
2,guard_a2_b3,1,0.3191822313537098,0.2812222025552846,0.35919641582804385,0.322265625,0.28323763481948466,0.3639407823320088
2,guard_a2_b3,2,0.705394744085929,0.6699274624140829,0.739850715235147,0.724609375,0.6843511409609954,0.761522287913491
2,guard_a2_b3,3,0.9993204133352265,0.9992795027443208,0.9993519578303676,1.0,0.9925530242771171,0.9999999999999999
2,guard_a3_b0,0,0.9993082148721442,0.9992633000889327,0.9993432677641977,1.0,0.9925530242771171,0.9999999999999999
2,guard_a3_b0,1,0.2289081609175604,0.19851356441399862,0.26186609750073553,0.240234375,0.20525031502031052,0.2790873715857184
2,guard_a3_b0,2,0.38812810841384393,0.3512160703091218,0.42694891843868604,0.400390625,0.35884287490902683,0.44342195228576625
2,guard_a3_b0,3,0.4812689245579804,0.4468969692689203,0.5171361842006601,0.486328125,0.4432980216250284,0.5295618566173942
2,guard_a3_b1,0,0.9993073801742867,0.9992621733486885,0.9993426614295459,1.0,0.9925530242771171,0.9999999999999999
2,guard_a3_b1,1,0.23202509218636913,0.2017920725078656,0.2652971986745436,0.2421875,0.2070878370212539,0.2811270098358575
2,guard_a3_b1,2,0.3894084152726409,0.3532574658029548,0.42842247081236295,0.404296875,0.36265341298154063,0.4473657347154174
2,guard_a3_b1,3,0.4804449006884326,0.4461389647735171,0.5162981125950381,0.486328125,0.4432980216250284,0.5295618566173942
2,guard_a3_b3,0,0.9993028026074171,0.9992538485559634,0.9993404289067257,1.0,0.9925530242771171,0.9999999999999999
2,guard_a3_b3,1,0.20016457190377013,0.1714317608920482,0.2320484830115507,0.201171875,0.1687317782031719,0.23806270338120725
2,guard_a3_b3,2,0.9993528433842584,0.9993327336065704,0.9993699993909104,1.0,0.9925530242771171,0.9999999999999999
2,guard_a3_b3,3,0.5220708702444199,0.4852145445923647,0.5580836353636501,0.533203125,0.48990246308366736,0.576009261184735
3,native,0,0.9993183921324089,0.999292197226896,0.9993396243429743,1.0,0.9925530242771171,0.9999999999999999
3,native,1,0.999330458114855,0.9993101519154152,0.9993495923903538,1.0,0.9925530242771171,0.9999999999999999
3,native,2,0.9993292655562982,0.9993151258386206,0.9993422925210325,1.0,0.9925530242771171,0.9999999999999999
3,native,3,0.9993295762687922,0.9993151442322414,0.9993439853016752,1.0,0.9925530242771171,0.9999999999999999
3,grouped_canonical,0,0.16285460035403765,0.1384757274645365,0.1890333656025312,0.169921875,0.13987724473920465,0.20488267282785466
3,grouped_canonical,1,0.2388969900800464,0.20728509723304328,0.27189309900145137,0.228515625,0.1942474025287323,0.2668273225708017
3,grouped_canonical,2,0.1656843326479407,0.13829921289242195,0.19378758730276024,0.16015625,0.13093694655859203,0.19443716975305483
3,grouped_canonical,3,0.978580353592406,0.9678971262577306,0.9880097138029669,0.982421875,0.9669335150663066,0.9907250669510682
3,grouped_noop,0,0.16285460035403765,0.1384757274645365,0.1890333656025312,0.169921875,0.13987724473920465,0.20488267282785466
3,grouped_noop,1,0.2388969900800464,0.20728509723304328,0.27189309900145137,0.228515625,0.1942474025287323,0.2668273225708017
3,grouped_noop,2,0.1656843326479407,0.13829921289242195,0.19378758730276024,0.16015625,0.13093694655859203,0.19443716975305483
3,grouped_noop,3,0.978580353592406,0.9678971262577306,0.9880097138029669,0.982421875,0.9669335150663066,0.9907250669510682
3,restore_keys,0,0.16453678551858952,0.1394693788752689,0.1908408886896622,0.169921875,0.13987724473920465,0.20488267282785466
3,restore_keys,1,0.24437601500908268,0.21228980842195208,0.2786061100906048,0.240234375,0.20525031502031052,0.2790873715857184
3,restore_keys,2,0.16561503270254097,0.13819491819730376,0.19365893850481788,0.16015625,0.13093694655859203,0.19443716975305483
3,restore_keys,3,0.9785719281462661,0.967896821375416,0.9880080190698208,0.982421875,0.9669335150663066,0.9907250669510682
3,guard_restore_keys,0,0.9993183923652396,0.9992921976809157,0.9993396243487951,1.0,0.9925530242771171,0.9999999999999999
3,guard_restore_keys,1,0.9993304576491937,0.9993101518979529,0.9993495921575232,1.0,0.9925530242771171,0.9999999999999999
3,guard_restore_keys,2,0.9993292664876208,0.9993151265312917,0.9993422934581758,1.0,0.9925530242771171,0.9999999999999999
3,guard_restore_keys,3,0.9993295762687922,0.9993151442322414,0.9993439853016752,1.0,0.9925530242771171,0.9999999999999999
3,restore_values,0,0.9993167312350124,0.9992904314800398,0.9993378878803924,1.0,0.9925530242771171,0.9999999999999999
3,restore_values,1,0.9993286187527701,0.9993084146350156,0.9993479430617299,1.0,0.9925530242771171,0.9999999999999999
3,restore_values,2,0.999328620499,0.9993144103034866,0.9993416819284903,1.0,0.9925530242771171,0.9999999999999999
3,restore_values,3,0.9993293969891965,0.9993149498273851,0.9993438695557415,1.0,0.9925530242771171,0.9999999999999999
3,guard_a0_b0,0,0.9993101073196158,0.9992828222864774,0.9993329645833,1.0,0.9925530242771171,0.9999999999999999
3,guard_a0_b0,1,0.9992807498201728,0.9992022335791262,0.9993380011059344,1.0,0.9925530242771171,0.9999999999999999
3,guard_a0_b0,2,0.6890361244479508,0.6520711366984453,0.7266701420509148,0.697265625,0.6561215071994437,0.7354716781598878
3,guard_a0_b0,3,0.9788531712420081,0.9681120429217117,0.9881601878403672,0.982421875,0.9669335150663066,0.9907250669510682
3,guard_a0_b1,0,0.9993085757596418,0.9992812509066425,0.9993321136513259,1.0,0.9925530242771171,0.9999999999999999
3,guard_a0_b1,1,0.9992884575622156,0.9992177905980497,0.9993397657672176,1.0,0.9925530242771171,0.9999999999999999
3,guard_a0_b1,2,0.6945497931254914,0.6579012129733205,0.7326121398729799,0.703125,0.6621563877620493,0.7410682783505296
3,guard_a0_b1,3,0.9774735537921515,0.9665715426499446,0.9872108681434838,0.98046875,0.9644243436209257,0.9893570781453667
3,guard_a0_b3,0,0.9993167314678431,0.9992904317186913,0.9993378883344122,1.0,0.9925530242771171,0.9999999999999999
3,guard_a0_b3,1,0.9993286185199395,0.9993084137153346,0.9993479428288993,1.0,0.9925530242771171,0.9999999999999999
3,guard_a0_b3,2,0.999328620499,0.9993144103034866,0.9993416819284903,1.0,0.9925530242771171,0.9999999999999999
3,guard_a0_b3,3,0.9993293969891965,0.9993149500485743,0.9993438695615623,1.0,0.9925530242771171,0.9999999999999999
3,guard_a2_b0,0,0.9993073637597263,0.9992785989452386,0.9993312940583564,1.0,0.9925530242771171,0.9999999999999999
3,guard_a2_b0,1,0.38087271696311786,0.3404645918560512,0.4209099919432162,0.388671875,0.34742797463672115,0.43157389105157695
3,guard_a2_b0,2,0.1721031451001669,0.14344513608160803,0.2019510717666442,0.169921875,0.13987724473920465,0.20488267282785466
3,guard_a2_b0,3,0.9787125855600607,0.9679401577747739,0.9881003099440477,0.982421875,0.9669335150663066,0.9907250669510682
3,guard_a2_b1,0,0.9993058212567121,0.9992768574535148,0.99933026759536,1.0,0.9925530242771171,0.9999999999999999
3,guard_a2_b1,1,0.3833406958814358,0.3423041568332297,0.4231823699715156,0.392578125,0.35123014169846584,0.4355260444919972
3,guard_a2_b1,2,0.17929037687652882,0.1500460157304333,0.20947022731149903,0.18359375,0.15245737137050175,0.21944266795413497
3,guard_a2_b1,3,0.977330792511566,0.9664006648287795,0.9871618964297341,0.98046875,0.9644243436209257,0.9893570781453667
3,guard_a2_b3,0,0.9993158575380221,0.9992873486975441,0.9993383904075017,1.0,0.9925530242771171,0.9999999999999999
3,guard_a2_b3,1,0.36143599951948713,0.321761301183269,0.39879100524425115,0.365234375,0.32467475624740916,0.4078011864278991
3,guard_a2_b3,2,0.8245885285337522,0.7961501900072463,0.8508881893361846,0.8515625,0.8181518841641696,0.8797369610306786
3,guard_a2_b3,3,0.9993169741937891,0.9992944128898671,0.9993365217233077,1.0,0.9925530242771171,0.9999999999999999
3,guard_a3_b0,0,0.9993214373243973,0.9992962803138653,0.9993421762628714,1.0,0.9925530242771171,0.9999999999999999
3,guard_a3_b0,1,0.9204950717600306,0.8973954939319402,0.9413589291125731,0.923828125,0.8975633728664396,0.9437804016184606
3,guard_a3_b0,2,0.7217299925819907,0.6835943415945305,0.7585359239230194,0.734375,0.6944757724650265,0.7707834576648723
3,guard_a3_b0,3,0.975837471527484,0.9649721436658183,0.9857307242966271,0.98046875,0.9644243436209257,0.9893570781453667
3,guard_a3_b1,0,0.9993199037853628,0.999293583308463,0.9993409580696607,1.0,0.9925530242771171,0.9999999999999999
3,guard_a3_b1,1,0.9209142895415265,0.897826021148705,0.9417371492139369,0.923828125,0.8975633728664396,0.9437804016184606
3,guard_a3_b1,2,0.72712127896851,0.6887638892318518,0.7638549269386722,0.73828125,0.6985321963804407,0.7744813542516229
3,guard_a3_b1,3,0.9744440575559565,0.9631718827908571,0.9847690537832477,0.978515625,0.9619423364720409,0.9879619250431689
3,guard_a3_b3,0,0.9993279884802178,0.9993031917721964,0.9993470359622734,1.0,0.9925530242771171,0.9999999999999999
3,guard_a3_b3,1,0.9124835453705682,0.8888138521810673,0.9341036689158738,0.9140625,0.8865969291864807,0.935361044043007
3,guard_a3_b3,2,0.999329527374357,0.9993144144071266,0.999342732471996,1.0,0.9925530242771171,0.9999999999999999
3,guard_a3_b3,3,0.9967219413374551,0.9934898164588958,0.9988408296281704,0.998046875,0.9890207217875779,0.9996551422384565
4,native,0,0.9993405878776684,0.999325948144542,0.9993551505292999,1.0,0.9925530242771171,0.9999999999999999
4,native,1,0.9993411550531164,0.9993209552281769,0.9993586081400281,1.0,0.9925530242771171,0.9999999999999999
4,native,2,0.9993484056321904,0.99933136573527,0.9993641877546906,1.0,0.9925530242771171,0.9999999999999999
4,native,3,0.9993184594204649,0.9992880440695444,0.9993434028729098,1.0,0.9925530242771171,0.9999999999999999
4,grouped_canonical,0,0.26176937837998526,0.22850696741408158,0.29713741393569215,0.265625,0.22921654233512775,0.30552422753497355
4,grouped_canonical,1,0.1915706227147873,0.1630298788665754,0.221951543253269,0.197265625,0.16510605271370543,0.23393410836850875
4,grouped_canonical,2,0.3695735092407877,0.3325999770995602,0.4092609457825506,0.375,0.3341426983074157,0.417719045623305
4,grouped_canonical,3,0.5024052376287784,0.4701063596883195,0.5349009559605477,0.525390625,0.4821088654752805,0.5682942177887919
4,grouped_noop,0,0.26176937837998526,0.22850696741408158,0.29713741393569215,0.265625,0.22921654233512775,0.30552422753497355
4,grouped_noop,1,0.1915706227147873,0.1630298788665754,0.221951543253269,0.197265625,0.16510605271370543,0.23393410836850875
4,grouped_noop,2,0.3695735092407877,0.3325999770995602,0.4092609457825506,0.375,0.3341426983074157,0.417719045623305
4,grouped_noop,3,0.5024052376287784,0.4701063596883195,0.5349009559605477,0.525390625,0.4821088654752805,0.5682942177887919
4,restore_keys,0,0.26506861798138104,0.2312566788291269,0.30062186967637783,0.265625,0.22921654233512775,0.30552422753497355
4,restore_keys,1,0.2159853215691503,0.18476692071277076,0.24850040799405174,0.22265625,0.1887606484754098,0.2606825958708767
4,restore_keys,2,0.3770107505359359,0.33960400534740776,0.41679739249469133,0.380859375,0.33983211473823877,0.4236611099457294
4,restore_keys,3,0.5023736943341248,0.47011461238506697,0.534900903158477,0.525390625,0.4821088654752805,0.5682942177887919
4,guard_restore_keys,0,0.9993405878776684,0.9993259481387213,0.9993551502964693,1.0,0.9925530242771171,0.9999999999999999
4,guard_restore_keys,1,0.9993411550531164,0.9993209552165354,0.9993586083670379,1.0,0.9925530242771171,0.9999999999999999
4,guard_restore_keys,2,0.9993484056321904,0.9993313652696088,0.9993641877605114,1.0,0.9925530242771171,0.9999999999999999
4,guard_restore_keys,3,0.9993184594204649,0.9992880440695444,0.9993434028729098,1.0,0.9925530242771171,0.9999999999999999
4,restore_values,0,0.9993370614247397,0.9993220089818351,0.9993518120783846,1.0,0.9925530242771171,0.9999999999999999
4,restore_values,1,0.9993234380381182,0.9992978848982602,0.9993456571333809,1.0,0.9925530242771171,0.9999999999999999
4,restore_values,2,0.9993441612459719,0.9993256600922905,0.9993611097714166,1.0,0.9925530242771171,0.9999999999999999
4,restore_values,3,0.9993065033340827,0.9992594737035688,0.9993410540686455,1.0,0.9925530242771171,0.9999999999999999
4,guard_a0_b0,0,0.999325780197978,0.999306185496971,0.9993442065548152,1.0,0.9925530242771171,0.9999999999999999
4,guard_a0_b0,1,0.9990469983313233,0.998666467377916,0.9993049321550643,1.0,0.9925530242771171,0.9999999999999999
4,guard_a0_b0,2,0.4272828243571891,0.3889070193072296,0.4689765515329514,0.4296875,0.38748873972239056,0.47293349123863987
4,guard_a0_b0,3,0.9022346925880811,0.8832320792878136,0.9205151953723544,0.93359375,0.9086366418684898,0.9520929338718228
4,guard_a0_b1,0,0.9993240151088685,0.9993037119827932,0.9993430018716026,1.0,0.9925530242771171,0.9999999999999999
4,guard_a0_b1,1,0.9991467078216374,0.9988613207795425,0.9993384327797685,1.0,0.9925530242771171,0.9999999999999999
4,guard_a0_b1,2,0.426668905129878,0.3879503054087188,0.46904153926976705,0.4375,0.3951533954746975,0.4807774764906628
4,guard_a0_b1,3,0.9085052516384167,0.8902673694744407,0.9261385684532797,0.9375,0.9131004927359689,0.9553834035065087
4,guard_a0_b3,0,0.9993370614247397,0.9993220089818351,0.9993518120783846,1.0,0.9925530242771171,0.9999999999999999
4,guard_a0_b3,1,0.9993234382709488,0.9992978848982602,0.9993456573662115,1.0,0.9925530242771171,0.9999999999999999
4,guard_a0_b3,2,0.9993441614788026,0.9993256603251212,0.9993611099984264,1.0,0.9925530242771171,0.9999999999999999
4,guard_a0_b3,3,0.9993065033340827,0.9992594737093896,0.9993410536204465,1.0,0.9925530242771171,0.9999999999999999
4,guard_a2_b0,0,0.9956201580789639,0.9904534171433624,0.9991460392047884,0.99609375,0.985870592855346,0.9989281109196064
4,guard_a2_b0,1,0.7222583289217201,0.685754123804047,0.7605378370782958,0.728515625,0.6883982092798265,0.7652295400968246
4,guard_a2_b0,2,0.2786298457697549,0.24244460416699976,0.315954977363404,0.279296875,0.2421886195218096,0.31969227210586915
4,guard_a2_b0,3,0.9009180289165215,0.8818929851711517,0.9192223727748569,0.93359375,0.9086366418684898,0.9520929338718228
4,guard_a2_b1,0,0.9956217795988778,0.9904512475539378,0.9991510753781767,0.99609375,0.985870592855346,0.9989281109196064
4,guard_a2_b1,1,0.7239417546241782,0.6875179922004238,0.7623300189406221,0.728515625,0.6883982092798265,0.7652295400968246
4,guard_a2_b1,2,0.28289157034436174,0.24706573516090102,0.32020187233303893,0.287109375,0.24962121454230693,0.32776831808970175
4,guard_a2_b1,3,0.9071524088321894,0.8886962576245423,0.9248620178358579,0.9375,0.9131004927359689,0.9553834035065087
4,guard_a2_b3,0,0.9957729261659551,0.9908456516765,0.9991749946959316,0.99609375,0.985870592855346,0.9989281109196064
4,guard_a2_b3,1,0.7219379449695476,0.684556584257497,0.7588820558967838,0.724609375,0.6843511409609954,0.761522287913491
4,guard_a2_b3,2,0.9770365642034449,0.9667530142698524,0.9860868995947385,0.982421875,0.9669335150663066,0.9907250669510682
4,guard_a2_b3,3,0.9967134866164997,0.9930788939294871,0.9990200991771416,0.998046875,0.9890207217875779,0.9996551422384565
4,guard_a3_b0,0,0.9992682391311973,0.9991605016053654,0.9993353986385045,1.0,0.9925530242771171,0.9999999999999999
4,guard_a3_b0,1,0.21624466576350354,0.18431426213658547,0.2488441235257535,0.212890625,0.17963878194802874,0.25041866114284533
4,guard_a3_b0,2,0.47994079415781554,0.43913516513503564,0.52055060147136,0.48828125,0.4452323527485954,0.5315046857449096
4,guard_a3_b0,3,0.5982362275990312,0.5680431487800828,0.629190610773583,0.607421875,0.5644739555080028,0.6487698583015341
4,guard_a3_b1,0,0.999265210935846,0.9991553702944657,0.9993337017513113,1.0,0.9925530242771171,0.9999999999999999
4,guard_a3_b1,1,0.2236614164689481,0.19171236590431245,0.25589009669655355,0.216796875,0.18328405527165026,0.2545277083213888
4,guard_a3_b1,2,0.47627734563175084,0.4350041396876119,0.5165658259279007,0.486328125,0.4432980216250284,0.5295618566173942
4,guard_a3_b1,3,0.5992228924839722,0.5690456338685467,0.6307352523291273,0.60546875,0.5624989313818705,0.646867722176584
4,guard_a3_b3,0,0.9992772705154493,0.9991701625142013,0.9993421675346326,1.0,0.9925530242771171,0.9999999999999999
4,guard_a3_b3,1,0.2063494114488158,0.1748077584055585,0.23845948064477282,0.205078125,0.17236254474087015,0.24218625734567395
4,guard_a3_b3,2,0.9988278133096173,0.9980785411957186,0.9993058639374794,1.0,0.9925530242771171,0.9999999999999999
4,guard_a3_b3,3,0.6603818488481323,0.6284538382696461,0.6914767549420439,0.671875,0.6300562921389914,0.7111338099562676
5,native,0,0.9994223708054051,0.9994092001172248,0.9994353126181522,1.0,0.9925530242771171,0.9999999999999999
5,native,1,0.9994406923651695,0.9994279718404868,0.9994522653287277,1.0,0.9925530242771171,0.9999999999999999
5,native,2,0.9994155433960259,0.9993897787644528,0.9994376288552302,1.0,0.9925530242771171,0.9999999999999999
5,native,3,0.9994321927661076,0.9994187080825213,0.9994449939520564,1.0,0.9925530242771171,0.9999999999999999
5,grouped_canonical,0,0.1253405980775566,0.10334480701958298,0.1490108470290924,0.126953125,0.10086753554382397,0.1585948564994206
5,grouped_canonical,1,0.4775196636182084,0.4384039049669451,0.5166695825695927,0.490234375,0.4471673378916501,0.5334468608529375
5,grouped_canonical,2,0.7731238302755088,0.7390279484307335,0.8050379017133614,0.775390625,0.7372680468181392,0.8094115485844917
5,grouped_canonical,3,0.9043217876924246,0.8845208797805981,0.9213509052079529,0.935546875,0.9108659024588599,0.9537408335325352
5,grouped_noop,0,0.1253405980775566,0.10334480701958298,0.1490108470290924,0.126953125,0.10086753554382397,0.1585948564994206
5,grouped_noop,1,0.4775196636182084,0.4384039049669451,0.5166695825695927,0.490234375,0.4471673378916501,0.5334468608529375
5,grouped_noop,2,0.7731238302755088,0.7390279484307335,0.8050379017133614,0.775390625,0.7372680468181392,0.8094115485844917
5,grouped_noop,3,0.9043217876924246,0.8845208797805981,0.9213509052079529,0.935546875,0.9108659024588599,0.9537408335325352
5,restore_keys,0,0.1343863448265501,0.11091827387153028,0.1593880811501915,0.138671875,0.11141736019861744,0.17130799335112207
5,restore_keys,1,0.5149475168418443,0.47448212916023064,0.5538418515315339,0.529296875,0.48600435058567043,0.572153053180567
5,restore_keys,2,0.7764018324988697,0.741971840844989,0.8081761022805951,0.78125,0.7434195158330943,0.8148915603227842
5,restore_keys,3,0.9041521037088387,0.884294822361926,0.9212604620522598,0.935546875,0.9108659024588599,0.9537408335325352
5,guard_restore_keys,0,0.9994223708054051,0.9994092001172248,0.9994353126181522,1.0,0.9925530242771171,0.9999999999999999
5,guard_restore_keys,1,0.9994406921323389,0.9994279716076562,0.999452265095897,1.0,0.9925530242771171,0.9999999999999999
5,guard_restore_keys,2,0.9994155440945178,0.9993897797190584,0.9994376300193835,1.0,0.9925530242771171,0.9999999999999999
5,guard_restore_keys,3,0.9994321920676157,0.9994187078496907,0.9994449930149131,1.0,0.9925530242771171,0.9999999999999999
5,restore_values,0,0.9957722888502758,0.9906815644266317,0.9992300005775178,0.998046875,0.9890207217875779,0.9996551422384565
5,restore_values,1,0.9994276002980769,0.9994130378909176,0.9994410570245236,1.0,0.9925530242771171,0.9999999999999999
5,restore_values,2,0.9993813562905416,0.9993026232259581,0.9994308238383383,1.0,0.9925530242771171,0.9999999999999999
5,restore_values,3,0.999428823008202,0.9994140426511876,0.9994421664538095,1.0,0.9925530242771171,0.9999999999999999
5,guard_a0_b0,0,0.9939354282687418,0.9881364953136653,0.9986345467332285,0.99609375,0.985870592855346,0.9989281109196064
5,guard_a0_b0,1,0.9987625031499192,0.9975500488711987,0.9994096357695526,1.0,0.9925530242771171,0.9999999999999999
5,guard_a0_b0,2,0.7963847711019874,0.7626182624679511,0.8277450146614781,0.798828125,0.7619372966187927,0.8312682217968281
5,guard_a0_b0,3,0.9869327082415111,0.9801305713321199,0.992590542518883,0.9921875,0.9800865852024431,0.9969577980703442
5,guard_a0_b1,0,0.9939487296214793,0.9881633140808844,0.9986288762389449,0.99609375,0.985870592855346,0.9989281109196064
5,guard_a0_b1,1,0.9987776743946597,0.997576575257699,0.9994156586879399,1.0,0.9925530242771171,0.9999999999999999
5,guard_a0_b1,2,0.7952768827979897,0.7610708869903516,0.826752442629229,0.796875,0.7598748962512072,0.8294534619133311
5,guard_a0_b1,3,0.9892673914437182,0.9831645459562424,0.9941728128964314,0.9921875,0.9800865852024431,0.9969577980703442
5,guard_a0_b3,0,0.9957722896360792,0.9906815652124351,0.9992300005775178,0.998046875,0.9890207217875779,0.9996551422384565
5,guard_a0_b3,1,0.9994276002980769,0.9994130378909176,0.9994410572515335,1.0,0.9925530242771171,0.9999999999999999
5,guard_a0_b3,2,0.9993813562905416,0.9993026234937133,0.9994308229186573,1.0,0.9925530242771171,0.9999999999999999
5,guard_a0_b3,3,0.9994288232410327,0.9994140426511876,0.9994421664538095,1.0,0.9925530242771171,0.9999999999999999
5,guard_a2_b0,0,0.994065422040876,0.9884427682278328,0.9986893155262806,0.99609375,0.985870592855346,0.9989281109196064
5,guard_a2_b0,1,0.9575367490487103,0.9416816037315753,0.9724584109967978,0.9609375,0.9404368991207068,0.9745729201347606
5,guard_a2_b0,2,0.7531710244696708,0.7180169116819429,0.788337516620388,0.7578125,0.7188729901641424,0.7929121629787461
5,guard_a2_b0,3,0.9867954040528275,0.9800232195091667,0.9924752193997847,0.9921875,0.9800865852024431,0.9969577980703442
5,guard_a2_b1,0,0.9940790187101811,0.9884918063253281,0.9986921793577495,0.99609375,0.985870592855346,0.9989281109196064
5,guard_a2_b1,1,0.9579505906016372,0.9421259196299654,0.9726431212183375,0.962890625,0.9427707550251679,0.976116224481382
5,guard_a2_b1,2,0.7512621602144467,0.7157806322480309,0.7865006103498656,0.755859375,0.7168343866396908,0.7910736062521152
5,guard_a2_b1,3,0.9891686147893779,0.9830602823363733,0.9940988922244287,0.9921875,0.9800865852024431,0.9969577980703442
5,guard_a2_b3,0,0.9958888134860899,0.9910866707730748,0.9991271914594109,0.998046875,0.9890207217875779,0.9996551422384565
5,guard_a2_b3,1,0.9659213077079194,0.951235360664396,0.9791011188862323,0.970703125,0.9522288905280138,0.982166729982866
5,guard_a2_b3,2,0.9979424437042326,0.9961084666167153,0.9991741577134234,1.0,0.9925530242771171,0.9999999999999999
5,guard_a2_b3,3,0.9994081857148558,0.9993674569908763,0.9994376745598856,1.0,0.9925530242771171,0.9999999999999999
5,guard_a3_b0,0,0.9940545281278901,0.9882898770389147,0.9988120962429093,0.994140625,0.9829162193160559,0.998005324207814
5,guard_a3_b0,1,0.47241812259395854,0.43203796328260846,0.5095758503450967,0.484375,0.4413643447142569,0.5276183732770832
5,guard_a3_b0,2,0.8405700850946056,0.8090855969253776,0.8701857509994316,0.845703125,0.8118496353612644,0.8744077290803361
5,guard_a3_b0,3,0.8527987819718135,0.8277571040083131,0.8756110720083286,0.87890625,0.8477906572251377,0.9043784314848653
5,guard_a3_b1,0,0.9940684807079379,0.988330157197197,0.9988062437187182,0.994140625,0.9829162193160559,0.998005324207814
5,guard_a3_b1,1,0.4772523144446885,0.43698728695016437,0.5150126744804708,0.490234375,0.4471673378916501,0.5334468608529375
5,guard_a3_b1,2,0.840170290319902,0.8085755030587902,0.8696458608267547,0.845703125,0.8118496353612644,0.8744077290803361
5,guard_a3_b1,3,0.8549486697616828,0.829962558645559,0.8775613567338794,0.880859375,0.8499237357408231,0.9061225132202622
5,guard_a3_b3,0,0.9958961039665155,0.9909352723887423,0.9992433257721132,0.998046875,0.9890207217875779,0.9996551422384565
5,guard_a3_b3,1,0.4811631618239274,0.44157036362841817,0.5200397891855294,0.494140625,0.4510392696120239,0.5373292496347286
5,guard_a3_b3,2,0.9993632532423362,0.9992756917868973,0.9994201338937273,1.0,0.9925530242771171,0.9999999999999999
5,guard_a3_b3,3,0.8671996921004279,0.8425085873942407,0.8892982444091287,0.892578125,0.8627737386122504,0.9165354718553299
