seed,condition,predicted,observed,absolute_error,effect_ci95_lower,effect_ci95_upper,original_answer_rate,alternative_answer_rate
0,key/l1_resid_values,1.998417616,1.9984149932861328,2.6227138671952588e-06,1.9983935862054147,1.9984364003668509,0.0,1.0
0,key/l1_resid_query,0.0,1.3169774319976568e-06,1.3169774319976568e-06,-1.7482513513791197e-06,4.382206215374434e-06,1.0,0.0
0,key/l2_k_values,1.998417616,1.9981322288513184,0.0002853871486816484,1.9981000708570447,1.998164386845592,0.0,1.0
0,key/l2_q_query,0.0,-3.429013304412365e-07,3.429013304412365e-07,-1.8367175177774838e-06,1.1509148568950108e-06,1.0,0.0
0,key/l2_v_values,0.0,0.00031251771724782884,0.00031251771724782884,0.0002888087476574163,0.0003362266868382414,1.0,0.0
0,key/l2_k_keys,0.0,2.0150328055024147e-06,2.0150328055024147e-06,3.8227883363268523e-07,3.647786777372144e-06,1.0,0.0
0,key/l2_q_values,0.0,0.0,0.0,0.0,0.0,1.0,0.0
0,key/l1_resid_wrong_values,0.0,-1.0259973350912333e-06,1.0259973350912333e-06,-3.1060514737172207e-06,1.0540568035347542e-06,1.0,0.0
0,key/l2_k_wrong_values,0.0,-9.85048245638609e-07,9.85048245638609e-07,-3.140721233330866e-06,1.1706247420536481e-06,1.0,0.0
0,key/joint_l2_kq,1.998417616,1.9981327056884766,0.00028491031152344526,1.9981004443739203,1.9981649670030328,0.0,1.0
0,key/joint_l2_kv,1.998417616,1.9984149932861328,2.6227138671952588e-06,1.9983935862054147,1.9984364003668509,0.0,1.0
0,key/joint_l2_qv,0.0,0.00031167417182587087,0.00031167417182587087,0.00028798273068375796,0.0003353656129679838,1.0,0.0
0,key/joint_l1_values_query,1.998417616,1.998414397239685,3.218760314949165e-06,1.9983930794574993,1.9984357150218708,0.0,1.0
0,value/l1_resid_values,1.998417616,1.9984159469604492,1.6690395507890088e-06,1.9983944912699887,1.9984374026509097,0.0,1.0
0,value/l1_resid_query,0.0,1.549313310533762e-06,1.549313310533762e-06,-3.169423824438805e-07,3.4155690035114045e-06,1.0,0.0
0,value/l2_k_values,0.0,0.00022827176144346595,0.00022827176144346595,-5.1086982078864945e-05,0.0005076305049657968,1.0,0.0
0,value/l2_q_query,0.0,-1.2834789231419563e-07,1.2834789231419563e-07,-7.620364819248129e-07,5.053406972964216e-07,1.0,0.0
0,value/l2_v_values,1.998417616,1.998347520828247,7.009517175293745e-05,1.998300101653781,1.9983949400027132,0.0,1.0
0,value/l2_k_keys,0.0,-1.457519829273224e-07,1.457519829273224e-07,-4.974393628087479e-07,2.0593539695410313e-07,1.0,0.0
0,value/l2_q_values,0.0,0.0,0.0,0.0,0.0,1.0,0.0
0,value/l1_resid_wrong_values,0.0,3.5547418519854546e-07,3.5547418519854546e-07,-5.372555732185608e-07,1.2482039436156517e-06,1.0,0.0
0,value/l2_k_wrong_values,0.0,3.385939635336399e-07,3.385939635336399e-07,-5.686963281069664e-07,1.245884255174246e-06,1.0,0.0
0,value/joint_l2_kq,0.0,0.0002269358083140105,0.0002269358083140105,-5.8036152921038704e-05,0.0005119077695490597,1.0,0.0
0,value/joint_l2_kv,1.998417616,1.9984159469604492,1.6690395507890088e-06,1.9983944912699887,1.9984374026509097,0.0,1.0
0,value/joint_l2_qv,1.998417616,1.9983490705490112,6.854545098877729e-05,1.9983024545974741,1.9983956865005483,0.0,1.0
0,value/joint_l1_values_query,1.998417616,1.9984159469604492,1.6690395507890088e-06,1.9983944398921982,1.9984374540287002,0.0,1.0
0,matched_key/l1_resid_values,0.0,-2.5170156732201576e-06,2.5170156732201576e-06,-1.2736307753183514e-05,7.702276406743199e-06,1.0,0.0
0,matched_key/l1_resid_query,0.0,-2.1355226635932922e-06,2.1355226635932922e-06,-4.863367262308894e-06,5.923219351223097e-07,1.0,0.0
0,matched_key/l2_k_values,0.0,-1.136417267844081e-06,1.136417267844081e-06,-1.1297788326103164e-05,9.024953790415002e-06,1.0,0.0
0,matched_key/l2_q_query,0.0,-1.9968138076364994e-07,1.9968138076364994e-07,-1.7842483486867951e-06,1.3848855871594952e-06,1.0,0.0
0,matched_key/l2_v_values,0.0,2.308108378201723e-06,2.308108378201723e-06,9.223672195058113e-07,3.693849536897635e-06,1.0,0.0
0,matched_key/l2_k_keys,0.0,2.9976945370435715e-07,2.9976945370435715e-07,-4.0142244324078857e-07,1.0009613506495028e-06,1.0,0.0
0,matched_key/l2_q_values,0.0,0.0,0.0,0.0,0.0,1.0,0.0
0,matched_key/l1_resid_wrong_values,0.0,4.0495069697499275e-07,4.0495069697499275e-07,-1.7877676187270513e-06,2.5976690126770368e-06,1.0,0.0
0,matched_key/l2_k_wrong_values,0.0,5.722977221012115e-07,5.722977221012115e-07,-1.9062631235104737e-06,3.050858567712897e-06,1.0,0.0
0,matched_key/joint_l2_kq,0.0,-3.7014251574873924e-07,3.7014251574873924e-07,-1.1175475437041899e-05,1.043519040554442e-05,1.0,0.0
0,matched_key/joint_l2_kv,0.0,-2.5170156732201576e-06,2.5170156732201576e-06,-1.2736307753183514e-05,7.702276406743199e-06,1.0,0.0
0,matched_key/joint_l2_qv,0.0,2.2959138732403517e-06,2.2959138732403517e-06,-1.101776831959406e-08,4.602845514800297e-06,1.0,0.0
0,matched_key/joint_l1_values_query,0.0,-4.2530009523034096e-06,4.2530009523034096e-06,-1.558094784954505e-05,7.07494594493823e-06,1.0,0.0
0,matched_value/l1_resid_values,0.0,-3.738852683454752e-06,3.738852683454752e-06,-1.1034640719787718e-05,3.556935352878214e-06,1.0,0.0
0,matched_value/l1_resid_query,0.0,-1.6336562111973763e-06,1.6336562111973763e-06,-3.046722703156126e-06,-2.205897192386269e-07,1.0,0.0
0,matched_value/l2_k_values,0.0,-3.4268596209585667e-06,3.4268596209585667e-06,-1.0436760379797062e-05,3.583041137879928e-06,1.0,0.0
0,matched_value/l2_q_query,0.0,-8.582719601690769e-08,8.582719601690769e-08,-8.50869642341994e-07,6.792152503081786e-07,1.0,0.0
0,matched_value/l2_v_values,0.0,-1.1135998647660017e-06,1.1135998647660017e-06,-9.156614584966123e-06,6.92941485543412e-06,1.0,0.0
0,matched_value/l2_k_keys,0.0,3.5943230614066124e-08,3.5943230614066124e-08,-4.166886042490788e-08,1.1355532165304013e-07,1.0,0.0
0,matched_value/l2_q_values,0.0,0.0,0.0,0.0,0.0,1.0,0.0
0,matched_value/l1_resid_wrong_values,0.0,-2.3844768293201923e-07,2.3844768293201923e-07,-9.798830209259569e-07,5.029876550619183e-07,1.0,0.0
0,matched_value/l2_k_wrong_values,0.0,-2.324522938579321e-07,2.324522938579321e-07,-1.049491827659727e-06,5.845872399438629e-07,1.0,0.0
0,matched_value/joint_l2_kq,0.0,-3.3971446100622416e-06,3.3971446100622416e-06,-1.045681791843232e-05,3.662528698307836e-06,1.0,0.0
0,matched_value/joint_l2_kv,0.0,-3.738852683454752e-06,3.738852683454752e-06,-1.1034640719787718e-05,3.556935352878214e-06,1.0,0.0
0,matched_value/joint_l2_qv,0.0,-8.77713318914175e-07,8.77713318914175e-07,-9.136871478794396e-06,7.3814448409660455e-06,1.0,0.0
0,matched_value/joint_l1_values_query,0.0,-5.061476258561015e-06,5.061476258561015e-06,-1.2525245467848685e-05,2.402292950726655e-06,1.0,0.0
0,cross/keyK_valueV,0.0,0.0005554860690608621,0.0005554860690608621,0.0002999112996440902,0.000811060838477634,1.0,0.0
1,key/l1_resid_values,1.998462737,1.998445987701416,1.674929858408447e-05,1.9983737018780965,1.9985182735247355,0.0,1.0
1,key/l1_resid_query,0.0,1.2466567568480968e-05,1.2466567568480968e-05,-1.7966882516801825e-05,4.290001765376376e-05,1.0,0.0
1,key/l2_k_values,1.998462737,1.99784255027771,0.0006201867222901392,1.997752590197031,1.997932510358389,0.0,1.0
1,key/l2_q_query,0.0,8.191389497369528e-06,8.191389497369528e-06,-1.1233098424748107e-05,2.7615877419487163e-05,1.0,0.0
1,key/l2_v_values,0.0,0.0006995213916525245,0.0006995213916525245,0.0005608204667997555,0.0008382223165052934,1.0,0.0
1,key/l2_k_keys,0.0,1.1058582458645105e-06,1.1058582458645105e-06,-1.1754394896267699e-06,3.387155981355791e-06,1.0,0.0
1,key/l2_q_values,0.0,0.0,0.0,0.0,0.0,1.0,0.0
1,key/l1_resid_wrong_values,0.0,-6.075715646147728e-07,6.075715646147728e-07,-1.573009058093535e-06,3.5786592886398934e-07,1.0,0.0
1,key/l2_k_wrong_values,0.0,-4.3836189433932304e-07,4.3836189433932304e-07,-1.4390047077446355e-06,5.622809190659894e-07,1.0,0.0
1,key/joint_l2_kq,1.998462737,1.9978411197662354,0.0006216172337647485,1.9977507842797901,1.9979314552526806,0.0,1.0
1,key/joint_l2_kv,1.998462737,1.998445987701416,1.674929858408447e-05,1.9983737018780965,1.9985182735247355,0.0,1.0
1,key/joint_l2_qv,0.0,0.0007295568939298391,0.0007295568939298391,0.0005422547474519292,0.0009168590404077491,1.0,0.0
1,key/joint_l1_values_query,1.998462737,1.9984486103057861,1.4126694213967284e-05,1.9983765301297616,1.9985206904818107,0.0,1.0
1,value/l1_resid_values,1.998462737,1.998445987701416,1.674929858408447e-05,1.9983728947577157,1.9985190806451163,0.0,1.0
1,value/l1_resid_query,0.0,-2.0719016902148724e-06,2.0719016902148724e-06,-7.967056288009207e-06,3.823252907579461e-06,1.0,0.0
1,value/l2_k_values,0.0,0.00030848971800878644,0.00030848971800878644,3.239521374162797e-05,0.0005845842222759449,1.0,0.0
1,value/l2_q_query,0.0,-2.578948624432087e-06,2.578948624432087e-06,-7.761486904481883e-06,2.603589655617709e-06,1.0,0.0
1,value/l2_v_values,1.998462737,1.9957764148712158,0.00268632212878428,1.9938638629009262,1.9976889668415054,0.0,0.998046875
1,value/l2_k_keys,0.0,2.816086634993553e-07,2.816086634993553e-07,-5.12265801933401e-07,1.0754831289321116e-06,1.0,0.0
1,value/l2_q_values,0.0,0.0,0.0,0.0,0.0,1.0,0.0
1,value/l1_resid_wrong_values,0.0,-2.839951775968075e-07,2.839951775968075e-07,-6.704253543932794e-07,1.0243499919966449e-07,1.0,0.0
1,value/l2_k_wrong_values,0.0,-2.529122866690159e-07,2.529122866690159e-07,-6.430797139988252e-07,1.3725514066079343e-07,1.0,0.0
1,value/joint_l2_kq,0.0,0.00030075141694396734,0.00030075141694396734,4.352251460886376e-05,0.0005579803192790709,1.0,0.0
1,value/joint_l2_kv,1.998462737,1.998445987701416,1.674929858408447e-05,1.9983728947577157,1.9985190806451163,0.0,1.0
1,value/joint_l2_qv,1.998462737,1.9957809448242188,0.00268179217578135,1.9938806346233988,1.9976812550250387,0.0,0.998046875
1,value/joint_l1_values_query,1.998462737,1.9984452724456787,1.746455432138916e-05,1.9983717268127215,1.998518818078636,0.0,1.0
1,matched_key/l1_resid_values,0.0,-6.141926860436797e-06,6.141926860436797e-06,-1.3782167309090982e-05,1.498313588217388e-06,1.0,0.0
1,matched_key/l1_resid_query,0.0,5.3901836508885026e-05,5.3901836508885026e-05,-4.594798982548384e-05,0.0001537516628432539,1.0,0.0
1,matched_key/l2_k_values,0.0,-6.162299541756511e-06,6.162299541756511e-06,-1.4095893812094962e-05,1.7712947285819402e-06,1.0,0.0
1,matched_key/l2_q_query,0.0,4.548003198578954e-05,4.548003198578954e-05,-3.750790607249777e-05,0.00012846797004407686,1.0,0.0
1,matched_key/l2_v_values,0.0,-1.3289391063153744e-06,1.3289391063153744e-06,-4.080655281042183e-06,1.422777068411434e-06,1.0,0.0
1,matched_key/l2_k_keys,0.0,1.1810334399342537e-07,1.1810334399342537e-07,-1.0401640186882906e-06,1.2763707066751414e-06,1.0,0.0
1,matched_key/l2_q_values,0.0,0.0,0.0,0.0,0.0,1.0,0.0
1,matched_key/l1_resid_wrong_values,0.0,-1.0778021533042192e-06,1.0778021533042192e-06,-2.7459097108657262e-06,5.90305404257288e-07,1.0,0.0
1,matched_key/l2_k_wrong_values,0.0,-4.077446646988392e-07,4.077446646988392e-07,-2.685885804716617e-06,1.8703964753189388e-06,1.0,0.0
1,matched_key/joint_l2_kq,0.0,3.898973227478564e-05,3.898973227478564e-05,-4.415496098489322e-05,0.0001221344255344645,1.0,0.0
1,matched_key/joint_l2_kv,0.0,-6.141926860436797e-06,6.141926860436797e-06,-1.3782167309090982e-05,1.498313588217388e-06,1.0,0.0
1,matched_key/joint_l2_qv,0.0,4.347946378402412e-05,4.347946378402412e-05,-3.9485926533490494e-05,0.00012644485410153873,1.0,0.0
1,matched_key/joint_l1_values_query,0.0,4.7573004849255085e-05,4.7573004849255085e-05,-5.24407665519664e-05,0.00014758677625047656,1.0,0.0
1,matched_value/l1_resid_values,0.0,-4.630594048649073e-06,4.630594048649073e-06,-1.2469733100136798e-05,3.2085450028386527e-06,1.0,0.0
1,matched_value/l1_resid_query,0.0,8.386268746107817e-07,8.386268746107817e-07,-3.8792309665393766e-07,2.0651768458755008e-06,1.0,0.0
1,matched_value/l2_k_values,0.0,-8.075905498117208e-06,8.075905498117208e-06,-1.72497257203339e-05,1.0979147240994863e-06,1.0,0.0
1,matched_value/l2_q_query,0.0,1.309963408857584e-07,1.309963408857584e-07,-3.804612664770304e-07,6.424539482485472e-07,1.0,0.0
1,matched_value/l2_v_values,0.0,2.411834429949522e-07,2.411834429949522e-07,-1.1110091441639365e-05,1.1592458327629269e-05,1.0,0.0
1,matched_value/l2_k_keys,0.0,-1.0797521099448204e-07,1.0797521099448204e-07,-4.6872039227024324e-07,2.5276997028127916e-07,1.0,0.0
1,matched_value/l2_q_values,0.0,0.0,0.0,0.0,0.0,1.0,0.0
1,matched_value/l1_resid_wrong_values,0.0,-1.908338163048029e-07,1.908338163048029e-07,-9.72918317287448e-07,5.912506846778421e-07,1.0,0.0
1,matched_value/l2_k_wrong_values,0.0,8.078059181571007e-07,8.078059181571007e-07,-6.495802204607657e-07,2.2651920567749673e-06,1.0,0.0
1,matched_value/joint_l2_kq,0.0,-7.750873919576406e-06,7.750873919576406e-06,-1.7017047484652186e-05,1.5152996454993734e-06,1.0,0.0
1,matched_value/joint_l2_kv,0.0,-4.630594048649073e-06,4.630594048649073e-06,-1.2469733100136798e-05,3.2085450028386527e-06,1.0,0.0
1,matched_value/joint_l2_qv,0.0,4.65253833681345e-07,4.65253833681345e-07,-1.0854241442256575e-05,1.1784749109619265e-05,1.0,0.0
1,matched_value/joint_l1_values_query,0.0,-4.568544682115316e-06,4.568544682115316e-06,-1.246031256559163e-05,3.3232232013609974e-06,1.0,0.0
1,cross/keyK_valueV,0.0,0.00138528598472476,0.00138528598472476,0.0007637662632051603,0.00200680570624436,0.99951171875,0.0
2,key/l1_resid_values,1.998595357,1.9985816478729248,1.370912707510108e-05,1.998565063489002,1.9985982322568476,0.0,1.0
2,key/l1_resid_query,0.0,6.686314009130001e-07,6.686314009130001e-07,-1.331561218869588e-06,2.668824020695588e-06,1.0,0.0
2,key/l2_k_values,1.998595357,1.9983222484588623,0.0002731085411376011,1.9982877723254102,1.9983567245923144,0.0,1.0
2,key/l2_q_query,0.0,7.766066119074821e-07,7.766066119074821e-07,-1.4931521902364168e-07,1.702528442838606e-06,1.0,0.0
2,key/l2_v_values,0.0,0.00024314108304679394,0.00024314108304679394,0.00022332137185050843,0.0002629607942430794,1.0,0.0
2,key/l2_k_keys,0.0,2.8251379262655973e-06,2.8251379262655973e-06,1.1869110411597633e-06,4.463364811371431e-06,1.0,0.0
2,key/l2_q_values,0.0,0.0,0.0,0.0,0.0,1.0,0.0
2,key/l1_resid_wrong_values,0.0,4.595785867422819e-07,4.595785867422819e-07,-3.62900142045077e-07,1.2820573155296408e-06,1.0,0.0
2,key/l2_k_wrong_values,0.0,4.6487548388540745e-07,4.6487548388540745e-07,-3.9727394837730906e-07,1.327024916148124e-06,1.0,0.0
2,key/joint_l2_kq,1.998595357,1.9983220100402832,0.00027334695971670264,1.9982875375118478,1.9983564825687186,0.0,1.0
2,key/joint_l2_kv,1.998595357,1.9985816478729248,1.370912707510108e-05,1.998565063489002,1.9985982322568476,0.0,1.0
2,key/joint_l2_qv,0.0,0.0002435521164443344,0.0002435521164443344,0.0002237574979289278,0.000263346734959741,1.0,0.0
2,key/joint_l1_values_query,1.998595357,1.9985804557800293,1.4901219970608892e-05,1.9985637549956636,1.998597156564395,0.0,1.0
2,value/l1_resid_values,1.998595357,1.998579502105713,1.5854894287015142e-05,1.9985625833678362,1.9985964208435896,0.0,1.0
2,value/l1_resid_query,0.0,4.6356581151485443e-07,4.6356581151485443e-07,-8.038120767350128e-07,1.7309436997647217e-06,1.0,0.0
2,value/l2_k_values,0.0,0.00022980963694863021,0.00022980963694863021,5.25653559535349e-05,0.00040705391794372553,1.0,0.0
2,value/l2_q_query,0.0,6.964546628296375e-08,6.964546628296375e-08,-3.5080114698466693e-07,4.900920795505944e-07,1.0,0.0
2,value/l2_v_values,1.998595357,1.9979708194732666,0.0006245375267333042,1.997227644485308,1.998713994461225,0.0,0.99951171875
2,value/l2_k_keys,0.0,-2.8059002943336964e-07,2.8059002943336964e-07,-5.855596899526594e-07,2.437963108592016e-08,1.0,0.0
2,value/l2_q_values,0.0,0.0,0.0,0.0,0.0,1.0,0.0
2,value/l1_resid_wrong_values,0.0,-1.6094418242573738e-08,1.6094418242573738e-08,-1.375885326360802e-07,1.0539969615093273e-07,1.0,0.0
2,value/l2_k_wrong_values,0.0,-2.028536982834339e-08,2.028536982834339e-08,-1.501101669055654e-07,1.0953942724887861e-07,1.0,0.0
2,value/joint_l2_kq,0.0,0.00022546900436282158,0.00022546900436282158,5.6265534111811613e-05,0.0003946724746138315,1.0,0.0
2,value/joint_l2_kv,1.998595357,1.998579502105713,1.5854894287015142e-05,1.9985625833678362,1.9985964208435896,0.0,1.0
2,value/joint_l2_qv,1.998595357,1.997964859008789,0.0006304979912108433,1.9972170775859615,1.9987126404316167,0.0,0.99951171875
2,value/joint_l1_values_query,1.998595357,1.9985792636871338,1.6093312866116705e-05,1.9985623121952854,1.9985962151789822,0.0,1.0
2,matched_key/l1_resid_values,0.0,1.963635440915823e-07,1.963635440915823e-07,-6.449110993152208e-06,6.841838081335372e-06,1.0,0.0
2,matched_key/l1_resid_query,0.0,1.721986336633563e-06,1.721986336633563e-06,-1.5008008233326343e-07,3.5940527556003895e-06,1.0,0.0
2,matched_key/l2_k_values,0.0,3.1819508876651525e-06,3.1819508876651525e-06,-6.0666652377179365e-06,1.2430567013048242e-05,1.0,0.0
2,matched_key/l2_q_query,0.0,2.783781383186579e-07,2.783781383186579e-07,-5.994359423108436e-07,1.1561922189481593e-06,1.0,0.0
2,matched_key/l2_v_values,0.0,4.017667379230261e-06,4.017667379230261e-06,1.615678908333691e-07,7.873766867627153e-06,1.0,0.0
2,matched_key/l2_k_keys,0.0,1.2342934496700764e-07,1.2342934496700764e-07,-2.505222824054051e-07,4.973809723394204e-07,1.0,0.0
2,matched_key/l2_q_values,0.0,0.0,0.0,0.0,0.0,1.0,0.0
2,matched_key/l1_resid_wrong_values,0.0,2.128217602148652e-06,2.128217602148652e-06,-1.189924215560785e-06,5.44635941985809e-06,1.0,0.0
2,matched_key/l2_k_wrong_values,0.0,2.4650071281939745e-06,2.4650071281939745e-06,-8.616159324598425e-07,5.7916301888477914e-06,1.0,0.0
2,matched_key/joint_l2_kq,0.0,2.583663444966078e-06,2.583663444966078e-06,-5.582597468312692e-06,1.0749924358244847e-05,1.0,0.0
2,matched_key/joint_l2_kv,0.0,1.963635440915823e-07,1.963635440915823e-07,-6.449110993152208e-06,6.841838081335372e-06,1.0,0.0
2,matched_key/joint_l2_qv,0.0,4.5599008444696665e-06,4.5599008444696665e-06,1.2573503855773198e-07,8.9940666503816e-06,1.0,0.0
2,matched_key/joint_l1_values_query,0.0,1.977954525500536e-06,1.977954525500536e-06,-5.7620175755282165e-06,9.717926626529288e-06,1.0,0.0
2,matched_value/l1_resid_values,0.0,4.2066676542162895e-07,4.2066676542162895e-07,-5.887666232515344e-06,6.728999763358602e-06,1.0,0.0
2,matched_value/l1_resid_query,0.0,5.818437784910202e-07,5.818437784910202e-07,-5.763347192687106e-07,1.740022276250751e-06,1.0,0.0
2,matched_value/l2_k_values,0.0,-6.124086212366819e-06,6.124086212366819e-06,-1.1198814010237298e-05,-1.0493584144963416e-06,1.0,0.0
2,matched_value/l2_q_query,0.0,4.3239560909569263e-07,4.3239560909569263e-07,-5.851082991038802e-07,1.4498995172952654e-06,1.0,0.0
2,matched_value/l2_v_values,0.0,-9.162264177575707e-06,9.162264177575707e-06,-1.5395494341729217e-05,-2.929034013422199e-06,1.0,0.0
2,matched_value/l2_k_keys,0.0,4.487810656428337e-08,4.487810656428337e-08,-1.5935534587435145e-07,2.491115590029182e-07,1.0,0.0
2,matched_value/l2_q_values,0.0,0.0,0.0,0.0,0.0,1.0,0.0
2,matched_value/l1_resid_wrong_values,0.0,-2.6565976440906525e-07,2.6565976440906525e-07,-6.771508339674108e-07,1.458313051492803e-07,1.0,0.0
2,matched_value/l2_k_wrong_values,0.0,-4.0579470805823803e-07,4.0579470805823803e-07,-8.075547141448657e-07,-4.034701971610447e-09,1.0,0.0
2,matched_value/joint_l2_kq,0.0,-6.124551873654127e-06,6.124551873654127e-06,-1.1156873771926542e-05,-1.0922299753817123e-06,1.0,0.0
2,matched_value/joint_l2_kv,0.0,4.2066676542162895e-07,4.2066676542162895e-07,-5.887666232515344e-06,6.728999763358602e-06,1.0,0.0
2,matched_value/joint_l2_qv,0.0,-9.24128107726574e-06,9.24128107726574e-06,-1.550763705914657e-05,-2.9749250953849063e-06,1.0,0.0
2,matched_value/joint_l1_values_query,0.0,5.58153260499239e-07,5.58153260499239e-07,-5.906962039479257e-06,7.023268560477735e-06,1.0,0.0
2,cross/keyK_valueV,0.0,0.001160859246738255,0.001160859246738255,0.00019905273237546997,0.00212266576110104,0.99951171875,0.0
